"","pawsid","slackDomain","filename","timestamp","exercise","task","totalscore","chunk"
"1","jrod122","isds1102s4workspace","jrod122_e1c_1547593132195.xlsx","2019-01-15 22:58:58","e1","c","94.1666666667","e1c"
"2","jrod122","isds1102s4workspace","jrod122_e1c_1550675522431.xlsx","2019-02-20 15:12:17","e1","c","94.1666666667","e1c"
"3","jrod122","isds1102s4workspace","jrod122_e1d_1552923967005.xlsx","2019-03-18 15:46:30","e1","d","0.0","e1d"
"4","jrod122","isds1102s4workspace","jrod122_e1c_1553020917026.xlsx","2019-03-19 18:42:20","e1","c","0.0","e1c"
"5","jrod122","isds1102s4workspace","jrod122_e1c_1553020943736.xlsx","2019-03-19 18:42:47","e1","c","94.1666666667","e1c"
"6","jrod122","isds1102s4workspace","jrod122_e2a_1553093522334.xlsx","2019-03-20 14:52:26","e2","a","100.0","e2a"
"7","jrod122","isds1102s4workspace","jrod122_e2b_1553093674318.xlsx","2019-03-20 14:54:58","e2","b","100.0","e2b"
"8","jrod122","isds1102s4workspace","jrod122_e2c_1553094021612.xlsx","2019-03-20 15:00:46","e2","c","91.6666666667","e2c"
"9","jrod122","isds1102s4workspace","jrod122_e2d_1553094271135.xlsx","2019-03-20 15:04:55","e2","d","100.0","e2d"
"10","jrod122","isds1102s4workspace","jrod122_e2e_1553094551110.xlsx","2019-03-20 15:09:35","e2","e","95.3333333333","e2e"
"11","hrobe29","isds1102s4workspace","hrobe29_e1a_1552927368494.xlsx","2019-03-18 16:43:11","e1","a","93.75","e1a"
"12","hrobe29","isds1102s4workspace","hrobe29_e1a_1552927584411.xlsx","2019-03-18 16:46:47","e1","a","100.0","e1a"
"13","hrobe29","isds1102s4workspace","hrobe29_e1b_1553098249973.xlsx","2019-03-20 16:11:13","e1","b","100.0","e1b"
"14","hrobe29","isds1102s4workspace","hrobe29_e1c_1553106390763.xlsx","2019-03-20 18:26:54","e1","c","94.1666666667","e1c"
"15","skim68","isds1102s3-sp2019","skim68_e1a_1552938397071.xlsx","2019-03-18 19:47:00","e1","a","100.0","e1a"
"16","skim68","isds1102s3-sp2019","skim68_e1b_1552938648458.xlsx","2019-03-18 19:51:11","e1","b","100.0","e1b"
"17","skim68","isds1102s3-sp2019","skim68_e1c_1552939391021.xlsx","2019-03-18 20:03:35","e1","c","90.8333333333","e1c"
"18","jdieck1","isds1102s3-sp2019","jdieck1_e1a_1552944725244.xlsx","2019-03-18 21:32:28","e1","a","98.0","e1a"
"19","jdesse6","isds1102s4workspace",NA,NA,NA,NA,NA,"NANA"
"20","lcham14","isds1102s3-sp2019",NA,NA,NA,NA,NA,"NANA"
"21","cberg55","isds1102s3-sp2019",NA,NA,NA,NA,NA,"NANA"
"22","gpiccoli","ddslablsu",NA,NA,NA,NA,NA,"NANA"
"23","gboak3","isds1102spr19",NA,NA,NA,NA,NA,"NANA"
"24","jason","isds1102spr19",NA,NA,NA,NA,NA,"NANA"
"25","mmagra1","isds1102s4workspace",NA,NA,NA,NA,NA,"NANA"
"26","nrobic5","isds1102s3-sp2019","nrobic5_e1a_1552944449994.xlsx","2019-03-18 21:27:53","e1","a","94.5","e1a"
"27","nrobic5","isds1102s3-sp2019","nrobic5_e1a_1553207299455.xlsx","2019-03-21 22:28:43","e1","a","100.0","e1a"
"28","nrobic5","isds1102s3-sp2019","nrobic5_e1b_1553207864352.xlsx","2019-03-21 22:38:08","e1","b","100.0","e1b"
"29","nrobic5","isds1102s3-sp2019","nrobic5_e1a_1553278987075.xlsx","2019-03-22 18:23:31","e1","a","100.0","e1a"
"30","nrobic5","isds1102s3-sp2019","nrobic5_e1b_1553278994818.xlsx","2019-03-22 18:23:39","e1","b","100.0","e1b"
"31","nrobic5","isds1102s3-sp2019","nrobic5_e1a_1553282686061.xlsx","2019-03-22 19:25:11","e1","a","100.0","e1a"
"32","nrobic5","isds1102s3-sp2019","nrobic5_e1b_1553282696117.xlsx","2019-03-22 19:25:20","e1","b","100.0","e1b"
"33","nrobic5","isds1102s3-sp2019","nrobic5_e1c_1553289050757.xlsx","2019-03-22 21:11:17","e1","c","90.8333333333","e1c"
"34","nrobic5","isds1102s3-sp2019","nrobic5_e1d_1553290838922.xlsx","2019-03-22 21:41:05","e1","d","100.0","e1d"
"35","nrobic5","isds1102s3-sp2019","nrobic5_e2a_1553294235069.xlsx","2019-03-22 22:37:40","e2","a","100.0","e2a"
"36","jogier1","isds1102s3-sp2019",NA,NA,NA,NA,NA,"NANA"
"37","mjoyne7","isds1102spr19","mjoyne7_e1a_1553357351644.xlsx","2019-03-23 16:09:36","e1","a","100.0","e1a"
"38","mjoyne7","isds1102spr19","mjoyne7_e1a_1553357416829.xlsx","2019-03-23 16:10:42","e1","a","100.0","e1a"
"39","scheva2","isds1102spr19",NA,NA,NA,NA,NA,"NANA"
"40","plege1","isds1102spr19","plege1_e1c_1553281767471.xlsx","2019-03-22 19:09:52","e1","c","74.1666666667","e1c"
"41","plege1","isds1102spr19","plege1_e1b_1553281775229.xlsx","2019-03-22 19:10:00","e1","b","100.0","e1b"
"42","plege1","isds1102spr19","plege1_e1a_1553281780351.xlsx","2019-03-22 19:10:05","e1","a","99.0","e1a"
"43","plege1","isds1102spr19","plege1_e1d_1553282632365.xlsx","2019-03-22 19:24:17","e1","d","100.0","e1d"
"44","kgree87","isds1102spr19",NA,NA,NA,NA,NA,"NANA"
"45","bkell75","isds1102spr19","bkell75_e1a_1553211118224.xlsx","2019-03-21 23:32:22","e1","a","93.75","e1a"
"46","bkell75","isds1102spr19","bkell75_e1b_1553358959634.xlsx","2019-03-23 16:36:31","e1","b","0.0","e1b"
"47","jliu98","isds1102spr19",NA,NA,NA,NA,NA,"NANA"
"48","vstewa6","isds1102spr19",NA,NA,NA,NA,NA,"NANA"
"49","mrabin3","isds1102spr19","mrabin3_e1a_1553120531148.xlsx","2019-03-20 22:22:35","e1","a","87.5","e1a"
"50","fmanfu1","isds1102spr19","fmanfu1_e1a_1553113419677.xlsx","2019-03-20 20:24:03","e1","a","96.5","e1a"
"51","fmanfu1","isds1102spr19","fmanfu1_e1b_1553119227911.xlsx","2019-03-20 22:00:51","e1","b","100.0","e1b"
"52","fmanfu1","isds1102spr19","fmanfu1_e1a_1553119541238.xlsx","2019-03-20 22:06:05","e1","a","92.5","e1a"
"53","fmanfu1","isds1102spr19","fmanfu1_e1a_1553119787744.xlsx","2019-03-20 22:10:11","e1","a","92.5","e1a"
"54","fmanfu1","isds1102spr19","fmanfu1_e1a_1553120006782.xlsx","2019-03-20 22:13:50","e1","a","100.0","e1a"
"55","fmanfu1","isds1102spr19","fmanfu1_e1c_1553126556510.xlsx","2019-03-21 00:03:00","e1","c","90.8333333333","e1c"
"56","fmanfu1","isds1102spr19","fmanfu1_e1c_1553127817283.xlsx","2019-03-21 00:24:01","e1","c","94.1666666667","e1c"
"57","fmanfu1","isds1102spr19","fmanfu1_e1c_1553128844206.xlsx","2019-03-21 00:41:08","e1","c","81.6666666667","e1c"
"58","fmanfu1","isds1102spr19","fmanfu1_e1c_1553128948969.xlsx","2019-03-21 00:42:53","e1","c","83.3333333333","e1c"
"59","fmanfu1","isds1102spr19","fmanfu1_e1c_1553129072155.xlsx","2019-03-21 00:44:56","e1","c","100.0","e1c"
"60","fmanfu1","isds1102spr19","fmanfu1_e1d_1553229236570.xlsx","2019-03-22 04:34:21","e1","d","100.0","e1d"
"61","jchan21","isds1102spr19",NA,NA,NA,NA,NA,"NANA"
"62","jpitr36","isds1102spr19",NA,NA,NA,NA,NA,"NANA"
"63","awil581","alexandrawilliams","awil581_e1b_1553035516934.xlsx","2019-03-19 22:45:42","e1","b","100.0","e1b"
"64","awil581","alexandrawilliams","awil581_e1a_1553036059120.xlsx","2019-03-19 22:54:43","e1","a","100.0","e1a"
"65","awil581","alexandrawilliams","awil581_e1c_1553040078383.xlsx","2019-03-20 00:01:42","e1","c","92.0","e1c"
"66","awil581","alexandrawilliams","awil581_e1d_1553100332604.xlsx","2019-03-20 16:45:56","e1","d","100.0","e1d"
"67","awil581","alexandrawilliams","awil581_e2a_1553102230173.xlsx","2019-03-20 17:18:51","e2","a","75.0","e2a"
"68","awil581","alexandrawilliams","awil581_e2a_1553102273047.xlsx","2019-03-20 17:19:34","e2","a","75.0","e2a"
"69","awil581","alexandrawilliams","awil581_e2a_1553102388466.xlsx","2019-03-20 17:21:31","e2","a","75.0","e2a"
"70","awil581","alexandrawilliams","awil581_e2b_1553103342075.xlsx","2019-03-20 17:36:06","e2","b","90.0","e2b"
"71","atuxen1","isds1102spr19","atuxen1_e1a_1551839474658.xlsx","2019-03-06 02:32:07","e1","a","65.25","e1a"
"72","atuxen1","isds1102spr19","atuxen1_e1b_1551841064447.xlsx","2019-03-06 02:58:37","e1","b","68.75","e1b"
"73","atuxen1","isds1102spr19","atuxen1_e1a_1553099890180.xlsx","2019-03-20 16:39:06","e1","a","65.25","e1a"
"74","atuxen1","isds1102spr19","atuxen1_e1b_1553099961377.xlsx","2019-03-20 16:40:17","e1","b","68.75","e1b"
"75","atuxen1","isds1102spr19","atuxen1_e1c_1553101603957.xlsx","2019-03-20 17:07:08","e1","c","90.8333333333","e1c"
"76","atuxen1","isds1102spr19","atuxen1_e1d_1553102269115.xlsx","2019-03-20 17:18:13","e1","d","100.0","e1d"
"77","mwell34","isds1102spr19",NA,NA,NA,NA,NA,"NANA"
"78","msavoy9","isds1102spr19",NA,NA,NA,NA,NA,"NANA"
"79","mkell79","isds1102s4workspace",NA,NA,NA,NA,NA,"NANA"
"80","jwolf7","isds1102spr19",NA,NA,NA,NA,NA,"NANA"
"81","ajose42","isds1102spr19",NA,NA,NA,NA,NA,"NANA"
"82","jdav288","isds1102spr19","jdav288_e1a_1553178500853.xlsx","2019-03-21 14:28:47","e1","a","93.75","e1a"
"83","jdav288","isds1102spr19","jdav288_e1b_1553178509521.xlsx","2019-03-21 14:28:53","e1","b","93.75","e1b"
"84","jdav288","isds1102spr19","jdav288_e1c_1553178515355.xlsx","2019-03-21 14:28:59","e1","c","72.5","e1c"
"85","jdav288","isds1102spr19","jdav288_e1d_1553178521261.xlsx","2019-03-21 14:29:05","e1","d","83.3333333333","e1d"
"86","jdav288","isds1102spr19","jdav288_e1a_1553178578074.xlsx","2019-03-21 14:30:02","e1","a","93.75","e1a"
"87","jdav288","isds1102spr19","jdav288_e1b_1553178583101.xlsx","2019-03-21 14:30:08","e1","b","93.75","e1b"
"88","jdav288","isds1102spr19","jdav288_e1c_1553178588603.xlsx","2019-03-21 14:30:12","e1","c","72.5","e1c"
"89","jdav288","isds1102spr19","jdav288_e1d_1553178593651.xlsx","2019-03-21 14:30:18","e1","d","83.3333333333","e1d"
"90","jdav288","isds1102spr19","jdav288_e2a_1553179705632.xlsx","2019-03-21 14:48:50","e2","a","83.3333333333","e2a"
"91","jdav288","isds1102spr19","jdav288_e2b_1553180447058.xlsx","2019-03-21 15:01:11","e2","b","100.0","e2b"
"92","jdav288","isds1102spr19","jdav288_e2a_1553273657771.xlsx","2019-03-22 16:54:42","e2","a","83.3333333333","e2a"
"93","jdav288","isds1102spr19","jdav288_e2b_1553273663979.xlsx","2019-03-22 16:54:48","e2","b","100.0","e2b"
"94","jdav288","isds1102spr19","jdav288_e2c_1553275444120.xlsx","2019-03-22 17:24:50","e2","c","58.3333333333","e2c"
"95","jdav288","isds1102spr19","jdav288_e2d_1553276094265.xlsx","2019-03-22 17:35:22","e2","d","100.0","e2d"
"96","jdav288","isds1102spr19","jdav288_e2e_1553277158871.xlsx","2019-03-22 17:53:03","e2","e","95.3333333333","e2e"
"97","jdav288","isds1102spr19","jdav288_e3a_1553278056288.xlsx","2019-03-22 18:08:01","e3","a","100.0","e3a"
"98","gwilki4","isds1102spr19",NA,NA,NA,NA,NA,"NANA"
"99","zwalls2","isds1102spr19",NA,NA,NA,NA,NA,"NANA"
"100","jmorg81","isds1102spr19","jmorg81_e1a_1552006946891.xlsx","2019-03-08 01:02:47","e1","a","96.5","e1a"
"101","jmorg81","isds1102spr19","jmorg81_e1b_1552006955976.xlsx","2019-03-08 01:02:56","e1","b","75.0","e1b"
"102","jmorg81","isds1102spr19","jmorg81_e1c_1552008189010.xlsx","2019-03-08 01:23:29","e1","c","90.8333333333","e1c"
"103","raskin1","isds1102spr19",NA,NA,NA,NA,NA,"NANA"
"104","msturd3","isds1102spr19",NA,NA,NA,NA,NA,"NANA"
"105","qcreec1","isds1102s4workspace",NA,NA,NA,NA,NA,"NANA"
"106","kwil336","isds1102spr19",NA,NA,NA,NA,NA,"NANA"
"107","mmould2","isds1102spr19",NA,NA,NA,NA,NA,"NANA"
"108","gclar18","isds1102spr19","gclar18_e1a_1551118974480.xlsx","2019-02-25 18:23:11","e1","a","100.0","e1a"
"109","gclar18","isds1102spr19","gclar18_e1b_1551200787095.xlsx","2019-02-26 17:06:44","e1","b","100.0","e1b"
"110","gclar18","isds1102spr19","gclar18_e2b_1552929284801.xlsx","2019-03-18 17:15:08","e2","b","100.0","e2b"
"111","gclar18","isds1102spr19","gclar18_e1a_1553278661516.xlsx","2019-03-22 18:18:06","e1","a","100.0","e1a"
"112","gclar18","isds1102spr19","gclar18_e1b_1553278978292.xlsx","2019-03-22 18:23:23","e1","b","100.0","e1b"
"113","zwang92","isds1102spr19",NA,NA,NA,NA,NA,"NANA"
"114","ldoyle3","isds1102spr19",NA,NA,NA,NA,NA,"NANA"
"115","bmutri1","isds1102spr19",NA,NA,NA,NA,NA,"NANA"
"116","nleben1","isds1102spr19",NA,NA,NA,NA,NA,"NANA"
"117","wguill5","isds1102s4workspace","wguill5_e1a_1553067533106.xlsx","2019-03-20 07:39:18","e1","a","100.0","e1a"
"118","wguill5","isds1102s4workspace","wguill5_e1b_1553099096358.xlsx","2019-03-20 16:25:20","e1","b","84.25","e1b"
"119","wguill5","isds1102s4workspace","wguill5_e1c_1553212607879.xlsx","2019-03-21 23:57:12","e1","c","88.6666666667","e1c"
"120","wguill5","isds1102s4workspace","wguill5_e1d_1553214085632.xlsx","2019-03-22 00:21:50","e1","d","100.0","e1d"
"121","gcoole1","isds1102spr19",NA,NA,NA,NA,NA,"NANA"
"122","cconr14","isds1102spr19","cconr14_e1a_1553099730142.xlsx","2019-03-20 16:35:54","e1","a","100.0","e1a"
"123","cconr14","isds1102spr19","cconr14_e1b_1553100427805.xlsx","2019-03-20 16:47:32","e1","b","100.0","e1b"
"124","cconr14","isds1102spr19","cconr14_e1c_1553102495876.xlsx","2019-03-20 17:22:00","e1","c","75.8333333333","e1c"
"125","cconr14","isds1102spr19","cconr14_e1d_1553103323268.xlsx","2019-03-20 17:35:47","e1","d","100.0","e1d"
"126","cconr14","isds1102spr19","cconr14_e2a_1553120240229.xlsx","2019-03-20 22:17:44","e2","a","100.0","e2a"
"127","cconr14","isds1102spr19","cconr14_e2b_1553184715435.xlsx","2019-03-21 16:12:19","e2","b","100.0","e2b"
"128","tkielm1","isds1102spr19","tkielm1_e1a_1550446183396.xlsx","2019-02-17 23:29:59","e1","a","93.75","e1a"
"129","tkielm1","isds1102spr19","tkielm1_e1a_1550447024034.xlsx","2019-02-17 23:43:58","e1","a","93.75","e1a"
"130","tkielm1","isds1102spr19","tkielm1_e1b_1550448750371.xlsx","2019-02-18 00:12:46","e1","b","100.0","e1b"
"131","tkielm1","isds1102spr19","tkielm1_e1c_1550451706633.xlsx","2019-02-18 01:02:02","e1","c","90.8333333333","e1c"
"132","tkielm1","isds1102spr19","tkielm1_e1d_1550452829544.xlsx","2019-02-18 01:20:44","e1","d","100.0","e1d"
"133","tkielm1","isds1102spr19","tkielm1_e2a_1553305171969.xlsx","2019-03-23 01:39:59","e2","a","100.0","e2a"
"134","zdaigl3","isds1102spr19","zdaigl3_e1a_1553123435076.xlsx","2019-03-20 23:11:00","e1","a","96.5","e1a"
"135","zdaigl3","isds1102spr19","zdaigl3_e1b_1553123834924.xlsx","2019-03-20 23:17:45","e1","b","0.0","e1b"
"136","eeisne1","isds1102spr19",NA,NA,NA,NA,NA,"NANA"
"137","kluins1","isds1102spr19",NA,NA,NA,NA,NA,"NANA"
"138","ajoh458","isds1102spr19","ajoh458_e1a_1553300764038.xlsx","2019-03-23 00:26:28","e1","a","100.0","e1a"
"139","ajoh458","isds1102spr19","ajoh458_e1b_1553301161600.xlsx","2019-03-23 00:33:06","e1","b","100.0","e1b"
"140","mnovo1","isds1102spr19",NA,NA,NA,NA,NA,"NANA"
"141","mlege12","isds1102spr19",NA,NA,NA,NA,NA,"NANA"
"142","icarls2","isds1102spr19",NA,NA,NA,NA,NA,"NANA"
"143","shar133","isds1102s4workspace","shar133_e1a_1552927654739.xlsx","2019-03-18 16:47:58","e1","a","99.0","e1a"
"144","shar133","isds1102s4workspace","shar133_e1b_1553098968381.xlsx","2019-03-20 16:23:13","e1","b","93.75","e1b"
"145","ehemb1","isds1102spr19",NA,NA,NA,NA,NA,"NANA"
"146","lkersh2","isds1102spr19","lkersh2_e1a_1553182527595.xlsx","2019-03-21 15:35:52","e1","a","100.0","e1a"
"147","lkersh2","isds1102spr19","lkersh2_e1b_1553219579302.xlsx","2019-03-22 01:53:25","e1","b","100.0","e1b"
"148","lkersh2","isds1102spr19","lkersh2_e1c_1553231090363.xlsx","2019-03-22 05:05:16","e1","c","90.8333333333","e1c"
"149","lkersh2","isds1102spr19","lkersh2_e1d_1553232720565.xlsx","2019-03-22 05:32:27","e1","d","100.0","e1d"
"150","aruiz29","isds1102spr19","aruiz29_e1a_1553214631452.xlsx","2019-03-22 00:30:56","e1","a","75.25","e1a"
"151","aruiz29","isds1102spr19","aruiz29_e1b_1553215103404.xlsx","2019-03-22 00:38:47","e1","b","93.75","e1b"
"152","tlally1","isds1102spr19",NA,NA,NA,NA,NA,"NANA"
"153","mmcco47","isds1102spr19",NA,NA,NA,NA,NA,"NANA"
"154","bsoil15","isds1102spr19","bsoil15_e1a_1547605875942.xlsx","2019-01-16 02:31:22","e1","a","96.75","e1a"
"155","bsoil15","isds1102spr19","bsoil15_e1b_1547657376568.xlsx","2019-01-16 16:49:43","e1","b","100.0","e1b"
"156","shazle2","isds1102spr19","shazle2_e1a_1553134613703.xlsx","2019-03-21 02:17:18","e1","a","93.75","e1a"
"157","jowen62","isds1102s4workspace",NA,NA,NA,NA,NA,"NANA"
"158","tpogue2","isds1102spr19",NA,NA,NA,NA,NA,"NANA"
"159","smosri1","isds1102spr19",NA,NA,NA,NA,NA,"NANA"
"160","jmejia8","mcure2018fall","jmejia8_e1a_1552928089530.xlsx","2019-03-18 16:55:12","e1","a","93.75","e1a"
"161","jmejia8","mcure2018fall","jmejia8_e2a_1553099191316.xlsx","2019-03-20 16:26:55","e2","a","83.3333333333","e2a"
"162","jmejia8","mcure2018fall","jmejia8_e2a_1553099564596.xlsx","2019-03-20 16:33:08","e2","a","100.0","e2a"
"163","jmejia8","mcure2018fall","jmejia8_e2b_1553100696620.xlsx","2019-03-20 16:52:00","e2","b","100.0","e2b"
"164","ojacob2","isds1102spr19","ojacob2_e1a_1552965537458.xlsx","2019-03-19 03:19:21","e1","a","90.25","e1a"
"165","ojacob2","isds1102spr19","ojacob2_e1b_1552965902983.xlsx","2019-03-19 03:25:33","e1","b","0.0","e1b"
"166","ojacob2","isds1102spr19","ojacob2_e1c_1552966883969.xlsx","2019-03-19 03:41:51","e1","c","84.1666666667","e1c"
"167","ojacob2","isds1102spr19","ojacob2_e1d_1552967704517.xlsx","2019-03-19 03:55:29","e1","d","50.0","e1d"
"168","ojacob2","isds1102spr19","ojacob2_e2a_1553038394364.xlsx","2019-03-19 23:34:55","e2","a","83.3333333333","e2a"
"169","ojacob2","isds1102spr19","ojacob2_e2b_1553038783386.xlsx","2019-03-19 23:40:07","e2","b","95.0","e2b"
"170","ojacob2","isds1102spr19","ojacob2_e2c_1553039843841.xlsx","2019-03-19 23:57:48","e2","c","83.3333333333","e2c"
"171","ojacob2","isds1102spr19","ojacob2_e2d_1553040699698.xlsx","2019-03-20 00:12:03","e2","d","100.0","e2d"
"172","ojacob2","isds1102spr19","ojacob2_e2e_1553041250507.xlsx","2019-03-20 00:21:14","e2","e","84.3333333333","e2e"
"173","sostra1","isds1102spr19","sostra1_e1a_1553240674059.xlsx","2019-03-22 07:44:59","e1","a","100.0","e1a"
"174","sostra1","isds1102spr19","sostra1_e1a_1553240741316.xlsx","2019-03-22 07:46:05","e1","a","100.0","e1a"
"175","rtafar1","isds1102spr19",NA,NA,NA,NA,NA,"NANA"
"176","bburk25","isds1102spr19",NA,NA,NA,NA,NA,"NANA"
"177","mmuril5","isds1102spr19",NA,NA,NA,NA,NA,"NANA"
"178","emaheu1","isds1102spr19",NA,NA,NA,NA,NA,"NANA"
"179","pstpau1","isds1102spr19","pstpau1_e1a_1553021331168.xlsx","2019-03-19 18:49:47","e1","a","93.75","e1a"
"180","pstpau1","isds1102spr19","pstpau1_e1a_1553021519451.xlsx","2019-03-19 18:52:56","e1","a","87.5","e1a"
"181","pstpau1","isds1102spr19","pstpau1_e1b_1553021748390.xlsx","2019-03-19 18:56:45","e1","b","87.5","e1b"
"182","pstpau1","isds1102spr19","pstpau1_e1d_1553103631286.xlsx","2019-03-20 17:40:55","e1","d","66.6666666667","e1d"
"183","pstpau1","isds1102spr19","pstpau1_e1c_1553103674937.xlsx","2019-03-20 17:41:39","e1","c","0.0","e1c"
"184","pstpau1","isds1102spr19","pstpau1_e1b_1553103709693.xlsx","2019-03-20 17:42:45","e1","b","87.5","e1b"
"185","pstpau1","isds1102spr19","pstpau1_e1c_1553103770500.xlsx","2019-03-20 17:43:16","e1","c","0.0","e1c"
"186","pstpau1","isds1102spr19","pstpau1_e1d_1553103774934.xlsx","2019-03-20 17:43:19","e1","d","66.6666666667","e1d"
"187","pstpau1","isds1102spr19","pstpau1_e1a_1553103755876.xlsx","2019-03-20 17:43:31","e1","a","87.5","e1a"
"188","pstpau1","isds1102spr19","pstpau1_e1b_1553103764742.xlsx","2019-03-20 17:43:40","e1","b","87.5","e1b"
"189","ntran42","isds1102spr19","ntran42_e1a_1553142032739.xlsx","2019-03-21 04:20:56","e1","a","81.25","e1a"
"190","ntran42","isds1102spr19","ntran42_e1b_1553142365565.xlsx","2019-03-21 04:26:29","e1","b","81.25","e1b"
"191","mthibe4","isds1102spr19",NA,NA,NA,NA,NA,"NANA"
"192","mhono11","isds1102s4workspace","mhono11_e1a_1552928214869.xlsx","2019-03-18 16:57:18","e1","a","100.0","e1a"
"193","mhono11","isds1102s4workspace","mhono11_e1b_1553098097562.xlsx","2019-03-20 16:08:42","e1","b","93.75","e1b"
"194","lfost38","isds1102spr19",NA,NA,NA,NA,NA,"NANA"
"195","divwur1","isds1102spr19",NA,NA,NA,NA,NA,"NANA"
"196","sschau7","isds1102spr19",NA,NA,NA,NA,NA,"NANA"
"197","cburn42","isds1102spr19",NA,NA,NA,NA,NA,"NANA"
"198","crobbi6","isds1102spr19",NA,NA,NA,NA,NA,"NANA"
"199","nto1","isds1102spr19","nto1_e1b_1553137561129.xlsx","2019-03-21 03:06:25","e1","b","100.0","e1b"
"200","nto1","isds1102spr19","nto1_e1c_1553138574590.xlsx","2019-03-21 03:23:19","e1","c","73.3333333333","e1c"
"201","nto1","isds1102spr19","nto1_e1d_1553139516984.xlsx","2019-03-21 03:39:01","e1","d","100.0","e1d"
"202","nto1","isds1102spr19","nto1_e1a_1553139573156.xlsx","2019-03-21 03:39:57","e1","a","100.0","e1a"
"203","nto1","isds1102spr19","nto1_e2a_1553366508436.xlsx","2019-03-23 18:42:13","e2","a","100.0","e2a"
"204","tpham91","isds1102spr19","tpham91_e1a_1553035516028.xlsx","2019-03-19 22:45:40","e1","a","96.5","e1a"
"205","tpham91","isds1102spr19","tpham91_e1a_1553035672387.xlsx","2019-03-19 22:48:16","e1","a","96.5","e1a"
"206","tpham91","isds1102spr19","tpham91_e1b_1553035692577.xlsx","2019-03-19 22:48:36","e1","b","100.0","e1b"
"207","tpham91","isds1102spr19","tpham91_e1a_1553035758917.xlsx","2019-03-19 22:49:42","e1","a","96.5","e1a"
"208","tpham91","isds1102spr19","tpham91_e1b_1553036502061.xlsx","2019-03-19 23:02:06","e1","b","100.0","e1b"
"209","tpham91","isds1102spr19","tpham91_e1a_1553050678173.xlsx","2019-03-20 02:58:23","e1","a","96.5","e1a"
"210","tpham91","isds1102spr19","tpham91_e1b_1553050694662.xlsx","2019-03-20 02:58:38","e1","b","100.0","e1b"
"211","tpham91","isds1102spr19","tpham91_e1c_1553050701069.xlsx","2019-03-20 02:58:44","e1","c","70.8333333333","e1c"
"212","tpham91","isds1102spr19","tpham91_e1d_1553050705635.xlsx","2019-03-20 02:58:49","e1","d","100.0","e1d"
"213","jmath56","isds1102spr19","jmath56_e1a_1547699044883.xlsx","2019-01-17 04:24:11","e1","a","92.0","e1a"
"214","jmath56","isds1102spr19","jmath56_e1b_1547699631019.xlsx","2019-01-17 04:33:55","e1","b","93.75","e1b"
"215","jmath56","isds1102spr19","jmath56_e1b_1547924230220.xlsx","2019-01-19 18:57:15","e1","b","93.75","e1b"
"216","aperk51","isds1102spr19","aperk51_e1a_1553264678214.xlsx","2019-03-22 14:25:02","e1","a","84.0","e1a"
"217","aperk51","isds1102spr19","aperk51_e1b_1553264975793.xlsx","2019-03-22 14:30:00","e1","b","87.5","e1b"
"218","aperk51","isds1102spr19","aperk51_e1c_1553269467384.xlsx","2019-03-22 15:44:52","e1","c","90.8333333333","e1c"
"219","rsider1","isds1102spr19",NA,NA,NA,NA,NA,"NANA"
"220","ewesle2","isds1102spr19",NA,NA,NA,NA,NA,"NANA"
"221","jskill2","isds1102spr19",NA,NA,NA,NA,NA,"NANA"
"222","kgarc28","isds1102spr19",NA,NA,NA,NA,NA,"NANA"
"223","angu196","isds1102spr19",NA,NA,NA,NA,NA,"NANA"
"224","jmorg82","isds1102spr19",NA,NA,NA,NA,NA,"NANA"
"225","slynch5","isds1102spr19",NA,NA,NA,NA,NA,"NANA"
"226","bartosiak.marcin","ddslablsu","bartosiak.marcin_e1c_1550678775548.xlsx","2019-02-20 16:06:30","e1","c","94.1666666667","e1c"
"227","bartosiak.marcin","ddslablsu","bartosiak.marcin_e1c_1550690777948.xlsx","2019-02-20 19:26:33","e1","c","94.1666666667","e1c"
"228","bartosiak.marcin","ddslablsu","bartosiak.marcin_e1c_1550690841486.xlsx","2019-02-20 19:27:36","e1","c","100.0","e1c"
"229","dverdi4","isds1102spr19","dverdi4_e1a_1553131331374.xlsx","2019-03-21 01:22:35","e1","a","100.0","e1a"
"230","dverdi4","isds1102spr19","dverdi4_e1b_1553131990011.xlsx","2019-03-21 01:33:34","e1","b","100.0","e1b"
"231","dverdi4","isds1102spr19","dverdi4_e1c_1553134381109.xlsx","2019-03-21 02:13:25","e1","c","55.0","e1c"
"232","dverdi4","isds1102spr19","dverdi4_e1d_1553139304094.xlsx","2019-03-21 03:35:28","e1","d","100.0","e1d"
"233","dverdi4","isds1102spr19","dverdi4_e2a_1553219532690.xlsx","2019-03-22 01:53:54","e2","a","67.6666666667","e2a"
"234","dverdi4","isds1102spr19","dverdi4_e2b_1553220090360.xlsx","2019-03-22 02:01:55","e2","b","100.0","e2b"
"235","dverdi4","isds1102spr19","dverdi4_e2d_1553222728091.xlsx","2019-03-22 02:45:52","e2","d","33.3333333333","e2d"
"236","dverdi4","isds1102spr19","dverdi4_e2e_1553224171739.xlsx","2019-03-22 03:09:56","e2","e","71.6666666667","e2e"
"237","dverdi4","isds1102spr19","dverdi4_e3b_1553228683324.xlsx","2019-03-22 04:25:09","e3","b","50.0","e3b"
"238","dverdi4","isds1102spr19","dverdi4_e3c_1553229165985.xlsx","2019-03-22 04:33:10","e3","c","0.0","e3c"
"239","lwats24","isds1102s4workspace","lwats24_e1a_1553099423514.xlsx","2019-03-20 16:30:47","e1","a","77.5","e1a"
"240","lwats24","isds1102s4workspace","lwats24_e1b_1553100032803.xlsx","2019-03-20 16:40:56","e1","b","100.0","e1b"
"241","nnicho9","isds1102spr19",NA,NA,NA,NA,NA,"NANA"
"242","bshatt2","isds1102s4workspace","bshatt2_e1a_1553193624836.xlsx","2019-03-21 18:40:49","e1","a","100.0","e1a"
"243","bshatt2","isds1102s4workspace","bshatt2_e1b_1553194240404.xlsx","2019-03-21 18:51:05","e1","b","100.0","e1b"
"244","bshatt2","isds1102s4workspace","bshatt2_e1a_1553218257967.xlsx","2019-03-22 01:31:22","e1","a","100.0","e1a"
"245","bshatt2","isds1102s4workspace","bshatt2_e1b_1553218275209.xlsx","2019-03-22 01:31:39","e1","b","100.0","e1b"
"246","bshatt2","isds1102s4workspace","bshatt2_e1c_1553219441991.xlsx","2019-03-22 01:51:06","e1","c","90.8333333333","e1c"
"247","bshatt2","isds1102s4workspace","bshatt2_e1a_1553271334567.xlsx","2019-03-22 16:16:02","e1","a","100.0","e1a"
"248","bshatt2","isds1102s4workspace","bshatt2_e1b_1553271339017.xlsx","2019-03-22 16:16:05","e1","b","100.0","e1b"
"249","bshatt2","isds1102s4workspace","bshatt2_e1c_1553271343315.xlsx","2019-03-22 16:16:08","e1","c","90.8333333333","e1c"
"250","bshatt2","isds1102s4workspace","bshatt2_e1d_1553271347614.xlsx","2019-03-22 16:16:12","e1","d","100.0","e1d"
"251","bshatt2","isds1102s4workspace","bshatt2_e2a_1553272341996.xlsx","2019-03-22 16:32:47","e2","a","100.0","e2a"
"252","jmccro7","isds1102s4workspace",NA,NA,NA,NA,NA,"NANA"
"253","ireyna1","isds1102spr19",NA,NA,NA,NA,NA,"NANA"
"254","aasmus1","isds1102spr19",NA,NA,NA,NA,NA,"NANA"
"255","ecacha1","isds1102spr19",NA,NA,NA,NA,NA,"NANA"
"256","dmeyn1","isds1102spr19",NA,NA,NA,NA,NA,"NANA"
"257","cmoncl2","isds1102spr19",NA,NA,NA,NA,NA,"NANA"
"258","nashy1","isds1102spr19",NA,NA,NA,NA,NA,"NANA"
"259","cguyba1","isds1102spr19",NA,NA,NA,NA,NA,"NANA"
"260","vpeace1","isds1102spr19",NA,NA,NA,NA,NA,"NANA"
"261","nblake3","isds1102spr19",NA,NA,NA,NA,NA,"NANA"
"262","iking4","isds1102spr19",NA,NA,NA,NA,NA,"NANA"
"263","mlan155","isds1102spr19",NA,NA,NA,NA,NA,"NANA"
"264","cdav248","isds1102spr19",NA,NA,NA,NA,NA,"NANA"
"265","gcorte1","isds1102spr19",NA,NA,NA,NA,NA,"NANA"
"266","kadeyi1","isds1102spr19",NA,NA,NA,NA,NA,"NANA"
"267","ble7","isds1102s4workspace","ble7_e1a_1552927244912.xlsx","2019-03-18 16:41:08","e1","a","100.0","e1a"
"268","dhmida1","isds1102spr19",NA,NA,NA,NA,NA,"NANA"
"269","mrodr94","isds1102spr19",NA,NA,NA,NA,NA,"NANA"
"270","jlope49","isds1102spr19","jlope49_e1a_1553137360705.xlsx","2019-03-21 03:03:05","e1","a","100.0","e1a"
"271","jlope49","isds1102spr19","jlope49_e1a_1553141389766.xlsx","2019-03-21 04:10:13","e1","a","100.0","e1a"
"272","jlope49","isds1102spr19","jlope49_e1b_1553141906512.xlsx","2019-03-21 04:18:50","e1","b","93.75","e1b"
"273","jlope49","isds1102spr19","jlope49_e1c_1553143477608.xlsx","2019-03-21 04:45:01","e1","c","90.8333333333","e1c"
"274","jlope49","isds1102spr19","jlope49_e1d_1553145227541.xlsx","2019-03-21 05:14:12","e1","d","83.3333333333","e1d"
"275","jnyein1","isds1102spr19",NA,NA,NA,NA,NA,"NANA"
"276","hdavi46","isds1102spr19",NA,NA,NA,NA,NA,"NANA"
"277","mtran33","isds1102spr19",NA,NA,NA,NA,NA,"NANA"
"278","ndedea1","isds1102spr19",NA,NA,NA,NA,NA,"NANA"
"279","vacost4","isds1102spr19",NA,NA,NA,NA,NA,"NANA"
"280","mmeche5","isds1102s4workspace","mmeche5_e1b_1553018708593.xlsx","2019-03-19 18:05:32","e1","b","100.0","e1b"
"281","mmeche5","isds1102s4workspace","mmeche5_e1a_1553019637864.xlsx","2019-03-19 18:21:01","e1","a","77.75","e1a"
"282","mmeche5","isds1102s4workspace","mmeche5_e1b_1553019647949.xlsx","2019-03-19 18:21:11","e1","b","100.0","e1b"
"283","mmeche5","isds1102s4workspace","mmeche5_e1a_1553129999590.xlsx","2019-03-21 01:00:24","e1","a","77.75","e1a"
"284","mmeche5","isds1102s4workspace","mmeche5_e1b_1553130005476.xlsx","2019-03-21 01:00:30","e1","b","100.0","e1b"
"285","mmeche5","isds1102s4workspace","mmeche5_e1c_1553130028004.xlsx","2019-03-21 01:00:52","e1","c","74.1666666667","e1c"
"286","mmeche5","isds1102s4workspace","mmeche5_e1d_1553130940098.xlsx","2019-03-21 01:16:04","e1","d","100.0","e1d"
"287","mmeche5","isds1102s4workspace","mmeche5_e2a_1553188729288.xlsx","2019-03-21 17:19:14","e2","a","100.0","e2a"
"288","mmeche5","isds1102s4workspace","mmeche5_e2b_1553189229587.xlsx","2019-03-21 17:27:33","e2","b","95.0","e2b"
"289","mmeche5","isds1102s4workspace","mmeche5_e2c_1553192292280.xlsx","2019-03-21 18:18:37","e2","c","100.0","e2c"
"290","mmeche5","isds1102s4workspace","mmeche5_e2d_1553198003202.xlsx","2019-03-21 19:53:47","e2","d","0.0","e2d"
"291","mmeche5","isds1102s4workspace","mmeche5_e2e_1553199290299.xlsx","2019-03-21 20:15:16","e2","e","75.0","e2e"
"292","kcarr24","isds1102spr19",NA,NA,NA,NA,NA,"NANA"
"293","lfield9","isds1102spr19",NA,NA,NA,NA,NA,"NANA"
"294","cdicap2","isds1102spr19",NA,NA,NA,NA,NA,"NANA"
"295","cmenou2","isds1102spr19",NA,NA,NA,NA,NA,"NANA"
"296","bpales1","isds1102s3",NA,NA,NA,NA,NA,"NANA"
"297","kquirk1","isds1102spr19",NA,NA,NA,NA,NA,"NANA"
"298","ctho257","isds1102spr19",NA,NA,NA,NA,NA,"NANA"
"299","dsmi286","isds1102spr19",NA,NA,NA,NA,NA,"NANA"
"300","ahenr37","isds1102spr19",NA,NA,NA,NA,NA,"NANA"
"301","salle86","isds1102s3-sp2019",NA,NA,NA,NA,NA,"NANA"
"302","jcogan1","isds1102spr19",NA,NA,NA,NA,NA,"NANA"
"303","awil275","isds1102spr19","awil275_e1a_1552879067930.xlsx","2019-03-18 03:18:13","e1","a","96.5","e1a"
"304","awil275","isds1102spr19","awil275_e1b_1552879839975.xlsx","2019-03-18 03:31:03","e1","b","100.0","e1b"
"305","awil275","isds1102spr19","awil275_e1c_1553191337358.xlsx","2019-03-21 18:02:41","e1","c","64.1666666667","e1c"
"306","aburgo6","isds1102spr19",NA,NA,NA,NA,NA,"NANA"
"307","nhodge2","isds1102spr19","nhodge2_e1a_1547657479682.xlsx","2019-01-16 16:51:24","e1","a","100.0","e1a"
"308","nhodge2","isds1102spr19","nhodge2_e1b_1547657486233.xlsx","2019-01-16 16:51:30","e1","b","100.0","e1b"
"309","nhodge2","isds1102spr19","nhodge2_e1c_1547657495892.xlsx","2019-01-16 16:51:40","e1","c","77.5","e1c"
"310","nhodge2","isds1102spr19","nhodge2_e1d_1547657504315.xlsx","2019-01-16 16:51:48","e1","d","100.0","e1d"
"311","nhodge2","isds1102spr19","nhodge2_e2a_1547661334619.xlsx","2019-01-16 17:55:41","e2","a","100.0","e2a"
"312","nhodge2","isds1102spr19","nhodge2_e2b_1547661932083.xlsx","2019-01-16 18:05:36","e2","b","100.0","e2b"
"313","kgarr28","isds1102s3-sp2019","kgarr28_e1c_1552943377335.xlsx","2019-03-18 21:10:00","e1","c","8.33333333333","e1c"
"314","kgarr28","isds1102s3-sp2019","kgarr28_e1a_1552943445427.xlsx","2019-03-18 21:11:09","e1","a","81.25","e1a"
"315","kgarr28","isds1102s3-sp2019","kgarr28_e1b_1552943547416.xlsx","2019-03-18 21:12:50","e1","b","100.0","e1b"
"316","kgarr28","isds1102s3-sp2019","kgarr28_e1c_1552943555748.xlsx","2019-03-18 21:12:59","e1","c","82.5","e1c"
"317","kgarr28","isds1102s3-sp2019","kgarr28_e1d_1552943563455.xlsx","2019-03-18 21:13:06","e1","d","100.0","e1d"
"318","cdelta1","isds1102s4workspace","cdelta1_e1a_1552926281419.xlsx","2019-03-18 16:25:04","e1","a","100.0","e1a"
"319","cdelta1","isds1102s4workspace","cdelta1_e1a_1553042238832.xlsx","2019-03-20 00:37:42","e1","a","100.0","e1a"
"320","cdelta1","isds1102s4workspace","cdelta1_e1b_1553042263905.xlsx","2019-03-20 00:38:07","e1","b","100.0","e1b"
"321","cdelta1","isds1102s4workspace","cdelta1_e1d_1553100224723.xlsx","2019-03-20 16:44:08","e1","d","100.0","e1d"
"322","cwine1","isds1102spr19",NA,NA,NA,NA,NA,"NANA"
"323","ssanc16","isds1102spr19",NA,NA,NA,NA,NA,"NANA"
"324","bdoiro4","isds1102s3-sp2019","bdoiro4_e1a_1552920032604.xlsx","2019-03-18 14:40:56","e1","a","84.25","e1a"
"325","bdoiro4","isds1102s3-sp2019","bdoiro4_e1b_1552921205426.xlsx","2019-03-18 15:00:28","e1","b","100.0","e1b"
"326","bdoiro4","isds1102s3-sp2019","bdoiro4_e1c_1552922369764.xlsx","2019-03-18 15:19:53","e1","c","94.1666666667","e1c"
"327","bdoiro4","isds1102s3-sp2019","bdoiro4_e1d_1552923431777.xlsx","2019-03-18 15:37:35","e1","d","83.3333333333","e1d"
"328","bdoiro4","isds1102s3-sp2019","bdoiro4_e1d_1552923500885.xlsx","2019-03-18 15:38:44","e1","d","100.0","e1d"
"329","bdoiro4","isds1102s3-sp2019","bdoiro4_e2a_1553096233072.xlsx","2019-03-20 15:37:37","e2","a","100.0","e2a"
"330","bdoiro4","isds1102s3-sp2019","bdoiro4_e2b_1553097149250.xlsx","2019-03-20 15:52:53","e2","b","100.0","e2b"
"331","bdoiro4","isds1102s3-sp2019","bdoiro4_e2c_1553100071503.xlsx","2019-03-20 16:41:36","e2","c","83.3333333333","e2c"
"332","bdoiro4","isds1102s3-sp2019","bdoiro4_e2c_1553100182945.xlsx","2019-03-20 16:43:27","e2","c","100.0","e2c"
"333","bdoiro4","isds1102s3-sp2019","bdoiro4_e2d_1553100945929.xlsx","2019-03-20 16:56:10","e2","d","100.0","e2d"
"334","bdoiro4","isds1102s3-sp2019","bdoiro4_e2e_1553101442859.xlsx","2019-03-20 17:04:26","e2","e","100.0","e2e"
"335","smukh16","ddslablsu",NA,NA,NA,NA,NA,"NANA"
"336","pmitc18","isds1102spr19",NA,NA,NA,NA,NA,"NANA"
"337","mtho288","isds1102spr19",NA,NA,NA,NA,NA,"NANA"
"338","ccarm11","isds1102spr19",NA,NA,NA,NA,NA,"NANA"
"339","jbozem8","isds1102spr19",NA,NA,NA,NA,NA,"NANA"
"340","wjone67","isds1102spr19",NA,NA,NA,NA,NA,"NANA"
"341","romeal1","isds1102spr19",NA,NA,NA,NA,NA,"NANA"
"342","mngu151","isds1102spr19",NA,NA,NA,NA,NA,"NANA"
"343","aperni2","isds1102spr19",NA,NA,NA,NA,NA,"NANA"
"344","abelch7","isds1102spr19","abelch7_e1a_1553208264540.xlsx","2019-03-21 22:44:49","e1","a","93.75","e1a"
"345","abelch7","isds1102spr19","abelch7_e1b_1553208574977.xlsx","2019-03-21 22:49:59","e1","b","100.0","e1b"
"346","abelch7","isds1102spr19","abelch7_e1c_1553211074741.xlsx","2019-03-21 23:31:39","e1","c","74.1666666667","e1c"
"347","abelch7","isds1102spr19","abelch7_e1d_1553266864575.xlsx","2019-03-22 15:01:29","e1","d","100.0","e1d"
"348","abelch7","isds1102spr19","abelch7_e1c_1553266873177.xlsx","2019-03-22 15:01:37","e1","c","74.1666666667","e1c"
"349","abelch7","isds1102spr19","abelch7_e1b_1553266878557.xlsx","2019-03-22 15:01:43","e1","b","100.0","e1b"
"350","abelch7","isds1102spr19","abelch7_e1a_1553266883411.xlsx","2019-03-22 15:01:48","e1","a","93.75","e1a"
"351","mfusel9","isds1102spr19","mfusel9_e1a_1553205265359.xlsx","2019-03-21 21:54:51","e1","a","100.0","e1a"
"352","mfusel9","isds1102spr19","mfusel9_e1b_1553205664677.xlsx","2019-03-21 22:01:29","e1","b","100.0","e1b"
"353","mfusel9","isds1102spr19","mfusel9_e1c_1553207999572.xlsx","2019-03-21 22:40:24","e1","c","94.1666666667","e1c"
"354","mfusel9","isds1102spr19","mfusel9_e1d_1553209395139.xlsx","2019-03-21 23:03:39","e1","d","100.0","e1d"
"355","emwang1","isds1102s4workspace",NA,NA,NA,NA,NA,"NANA"
"356","hshriv1","isds1102spr19",NA,NA,NA,NA,NA,"NANA"
"357","nwinkl3","isds1102spr19",NA,NA,NA,NA,NA,"NANA"
"358","ytruon1","isds1102spr19",NA,NA,NA,NA,NA,"NANA"
"359","kbrege1","isds1102spr19",NA,NA,NA,NA,NA,"NANA"
"360","acashm4","isds1102spr19",NA,NA,NA,NA,NA,"NANA"
"361","dsnake1","isds1102spr19",NA,NA,NA,NA,NA,"NANA"
"362","bgonz28","isds1102spr19",NA,NA,NA,NA,NA,"NANA"
"363","knewm13","isds1102spr19",NA,NA,NA,NA,NA,"NANA"
"364","cpollu1","isds1102spr19",NA,NA,NA,NA,NA,"NANA"
"365","estros3","isds1102s2",NA,NA,NA,NA,NA,"NANA"
"366","ahowa35","isds1102spr19",NA,NA,NA,NA,NA,"NANA"
"367","kcasey8","isds1102spr19",NA,NA,NA,NA,NA,"NANA"
"368","bducoi1","isds1102spr19",NA,NA,NA,NA,NA,"NANA"
"369","mleon17","isds1102spr19",NA,NA,NA,NA,NA,"NANA"
"370","jvedro4","isds1102spr19","jvedro4_e1a_1553048642671.xlsx","2019-03-20 02:24:28","e1","a","100.0","e1a"
"371","jvedro4","isds1102spr19","jvedro4_e1b_1553052667604.xlsx","2019-03-20 03:31:31","e1","b","100.0","e1b"
"372","jvedro4","isds1102spr19","jvedro4_e1c_1553054539286.xlsx","2019-03-20 04:02:43","e1","c","94.1666666667","e1c"
"373","jvedro4","isds1102spr19","jvedro4_e1d_1553056289151.xlsx","2019-03-20 04:31:53","e1","d","83.3333333333","e1d"
"374","echane4","isds1102spr19",NA,NA,NA,NA,NA,"NANA"
"375","rdesot2","isds1102spr19",NA,NA,NA,NA,NA,"NANA"
"376","dbingh1","isds1102spr19",NA,NA,NA,NA,NA,"NANA"
"377","jlafra5","isds1102s3-sp2019",NA,NA,NA,NA,NA,"NANA"
"378","jmosel7","isds1102spr19",NA,NA,NA,NA,NA,"NANA"
"379","aexant1","isds1102s4workspace","aexant1_e1a_1553182451716.xlsx","2019-03-21 15:34:36","e1","a","87.5","e1a"
"380","aexant1","isds1102s4workspace","aexant1_e1b_1553182539780.xlsx","2019-03-21 15:36:04","e1","b","62.5","e1b"
"381","aexant1","isds1102s4workspace","aexant1_e1c_1553210518910.xlsx","2019-03-21 23:22:23","e1","c","76.3333333333","e1c"
"382","jmccol7","isds1102spr19",NA,NA,NA,NA,NA,"NANA"
"383","18mrichard","18mrichard",NA,NA,NA,NA,NA,"NANA"
"384","jmit118","isds1102spr19",NA,NA,NA,NA,NA,"NANA"
"385","tjon212","isds1102s3","tjon212_e1a_1552927059616.xlsx","2019-03-18 16:38:03","e1","a","100.0","e1a"
"386","tjon212","isds1102s3","tjon212_e1b_1552927519166.xlsx","2019-03-18 16:45:42","e1","b","100.0","e1b"
"387","tjon212","isds1102s3","tjon212_e1c_1553063927675.xlsx","2019-03-20 06:39:11","e1","c","90.8333333333","e1c"
"388","tjon212","isds1102s3","tjon212_e1d_1553098936017.xlsx","2019-03-20 16:22:40","e1","d","100.0","e1d"
"389","mchat12","isds1102spr19",NA,NA,NA,NA,NA,"NANA"
"390","gberg14","isds1102s3-sp2019",NA,NA,NA,NA,NA,"NANA"
"391","mstalt3","isds1102spr19","mstalt3_e1a_1553039076107.xlsx","2019-03-19 23:44:59","e1","a","100.0","e1a"
"392","mstalt3","isds1102spr19","mstalt3_e1b_1553040193266.xlsx","2019-03-20 00:03:36","e1","b","93.75","e1b"
"393","rgondr1","isds1102spr19","rgondr1_e1a_1552948961763.xlsx","2019-03-18 22:43:05","e1","a","100.0","e1a"
"394","rgondr1","isds1102spr19","rgondr1_e1b_1552949498510.xlsx","2019-03-18 22:52:02","e1","b","100.0","e1b"
"395","rgondr1","isds1102spr19","rgondr1_e1c_1552950343677.xlsx","2019-03-18 23:06:07","e1","c","82.5","e1c"
"396","rgondr1","isds1102spr19","rgondr1_e1d_1552950943225.xlsx","2019-03-18 23:16:07","e1","d","100.0","e1d"
"397","rgondr1","isds1102spr19","rgondr1_e1d_1552950998664.xlsx","2019-03-18 23:17:02","e1","d","100.0","e1d"
"398","rgondr1","isds1102spr19","rgondr1_e2a_1552962518995.xlsx","2019-03-19 02:29:02","e2","a","100.0","e2a"
"399","rgondr1","isds1102spr19","rgondr1_e2b_1552963159585.xlsx","2019-03-19 02:39:42","e2","b","100.0","e2b"
"400","rgondr1","isds1102spr19","rgondr1_e2c_1552966439745.xlsx","2019-03-19 03:34:23","e2","c","83.3333333333","e2c"
"401","jmore36","isds1102spr19",NA,NA,NA,NA,NA,"NANA"
"402","vtrayl1","isds1102spr19",NA,NA,NA,NA,NA,"NANA"
"403","ksche21","isds1102spr19",NA,NA,NA,NA,NA,"NANA"
"404","adurha3","isds1102spr19",NA,NA,NA,NA,NA,"NANA"
"405","emcali2","isds1102s4workspace","emcali2_e1a_1553008947457.xlsx","2019-03-19 15:22:51","e1","a","87.0","e1a"
"406","emcali2","isds1102s4workspace","emcali2_e1b_1553009475064.xlsx","2019-03-19 15:31:40","e1","b","100.0","e1b"
"407","emcali2","isds1102s4workspace","emcali2_e1c_1553011098096.xlsx","2019-03-19 15:58:42","e1","c","40.8333333333","e1c"
"408","emcali2","isds1102s4workspace","emcali2_e1d_1553011645441.xlsx","2019-03-19 16:07:49","e1","d","100.0","e1d"
"409","emcali2","isds1102s4workspace","emcali2_e1a_1553094087491.xlsx","2019-03-20 15:01:51","e1","a","87.0","e1a"
"410","emcali2","isds1102s4workspace","emcali2_e1b_1553094094394.xlsx","2019-03-20 15:01:58","e1","b","100.0","e1b"
"411","emcali2","isds1102s4workspace","emcali2_e1c_1553094101882.xlsx","2019-03-20 15:02:06","e1","c","40.8333333333","e1c"
"412","emcali2","isds1102s4workspace","emcali2_e1d_1553094108508.xlsx","2019-03-20 15:02:12","e1","d","100.0","e1d"
"413","bberar5","isds1102spr19",NA,NA,NA,NA,NA,"NANA"
"414","cnami1","isds1102s4workspace","cnami1_e1a_1552926318287.xlsx","2019-03-18 16:25:41","e1","a","78.0","e1a"
"415","cnami1","isds1102s4workspace","cnami1_e1b_1552927048249.xlsx","2019-03-18 16:37:51","e1","b","100.0","e1b"
"416","cnami1","isds1102s4workspace","cnami1_e1c_1553098201067.xlsx","2019-03-20 16:10:25","e1","c","50.8333333333","e1c"
"417","cnami1","isds1102s4workspace","cnami1_e1d_1553099787529.xlsx","2019-03-20 16:36:51","e1","d","66.6666666667","e1d"
"418","cpipes2","isds1102spr19",NA,NA,NA,NA,NA,"NANA"
"419","whicke1","isds1102spr19",NA,NA,NA,NA,NA,"NANA"
"420","mbern21","isds1102s4workspace","mbern21_e1a_1552927265011.xlsx","2019-03-18 16:41:28","e1","a","100.0","e1a"
"421","mbern21","isds1102s4workspace","mbern21_e1b_1552927756629.xlsx","2019-03-18 16:49:46","e1","b","0.0","e1b"
"422","mbern21","isds1102s4workspace","mbern21_e1a_1553097429240.xlsx","2019-03-20 15:57:33","e1","a","100.0","e1a"
"423","mbern21","isds1102s4workspace","mbern21_e1b_1553097438648.xlsx","2019-03-20 15:57:49","e1","b","0.0","e1b"
"424","mbern21","isds1102s4workspace","mbern21_e1c_1553100045484.xlsx","2019-03-20 16:41:09","e1","c","94.1666666667","e1c"
"425","cwolco3","isds1102spr19",NA,NA,NA,NA,NA,"NANA"
"426","wchen23","isds1102spr19",NA,NA,NA,NA,NA,"NANA"
"427","mbarr31","isds1102s4workspace","mbarr31_e1a_1552926162478.xlsx","2019-03-18 16:23:07","e1","a","100.0","e1a"
"428","mbarr31","isds1102s4workspace","mbarr31_e1b_1552927047282.xlsx","2019-03-18 16:37:50","e1","b","100.0","e1b"
"429","mbarr31","isds1102s4workspace","mbarr31_e1c_1552936490516.xlsx","2019-03-18 19:15:14","e1","c","90.8333333333","e1c"
"430","mbarr31","isds1102s4workspace","mbarr31_e1d_1553011152698.xlsx","2019-03-19 15:59:36","e1","d","100.0","e1d"
"431","mbarr31","isds1102s4workspace","mbarr31_e2a_1553098318501.xlsx","2019-03-20 16:12:22","e2","a","100.0","e2a"
"432","mbarr31","isds1102s4workspace","mbarr31_e2b_1553098786356.xlsx","2019-03-20 16:20:10","e2","b","90.0","e2b"
"433","mbarr31","isds1102s4workspace","mbarr31_e2b_1553098955711.xlsx","2019-03-20 16:22:59","e2","b","90.0","e2b"
"434","mbarr31","isds1102s4workspace","mbarr31_e2b_1553100539556.xlsx","2019-03-20 16:49:23","e2","b","90.0","e2b"
"435","qwang42","isds1102spr19",NA,NA,NA,NA,NA,"NANA"
"436","klan117","isds1102s3-sp2019","klan117_e1a_1552944467713.xlsx","2019-03-18 21:28:11","e1","a","100.0","e1a"
"437","klan117","isds1102s3-sp2019","klan117_e1b_1552945458168.xlsx","2019-03-18 21:44:41","e1","b","100.0","e1b"
"438","klan117","isds1102s3-sp2019","klan117_e1a_1553052553852.xlsx","2019-03-20 03:29:39","e1","a","100.0","e1a"
"439","klan117","isds1102s3-sp2019","klan117_e1b_1553052557417.xlsx","2019-03-20 03:29:41","e1","b","100.0","e1b"
"440","klan117","isds1102s3-sp2019","klan117_e1c_1553052560880.xlsx","2019-03-20 03:29:44","e1","c","94.1666666667","e1c"
"441","klan117","isds1102s3-sp2019","klan117_e1d_1553052563910.xlsx","2019-03-20 03:29:47","e1","d","100.0","e1d"
"442","klan117","isds1102s3-sp2019","klan117_e2a_1553056776766.xlsx","2019-03-20 04:40:00","e2","a","100.0","e2a"
"443","klan117","isds1102s3-sp2019","klan117_e2b_1553062912830.xlsx","2019-03-20 06:22:18","e2","b","90.0","e2b"
"444","klan117","isds1102s3-sp2019","klan117_e2c_1553064767231.xlsx","2019-03-20 06:53:11","e2","c","100.0","e2c"
"445","klan117","isds1102s3-sp2019","klan117_e2d_1553116135361.xlsx","2019-03-20 21:09:19","e2","d","100.0","e2d"
"446","klan117","isds1102s3-sp2019","klan117_e2e_1553117383844.xlsx","2019-03-20 21:30:08","e2","e","100.0","e2e"
"447","klan117","isds1102s3-sp2019","klan117_e2c_1553117397112.xlsx","2019-03-20 21:30:21","e2","c","100.0","e2c"
"448","klan117","isds1102s3-sp2019","klan117_e2b_1553117401401.xlsx","2019-03-20 21:30:25","e2","b","90.0","e2b"
"449","klan117","isds1102s3-sp2019","klan117_e2a_1553117404290.xlsx","2019-03-20 21:30:28","e2","a","100.0","e2a"
"450","klan117","isds1102s3-sp2019","klan117_e3b_1553151029382.xlsx","2019-03-21 06:50:56","e3","b","100.0","e3b"
"451","klan117","isds1102s3-sp2019","klan117_e3c_1553151853909.xlsx","2019-03-21 07:04:38","e3","c","100.0","e3c"
"452","klan117","isds1102s3-sp2019","klan117_e3d_1553209209353.xlsx","2019-03-21 23:00:33","e3","d","97.385620915","e3d"
"453","klan117","isds1102s3-sp2019","klan117_e3a_1553212050029.xlsx","2019-03-21 23:47:54","e3","a","93.75","e3a"
"454","msolis4","isds1102s4workspace","msolis4_e1a_1552927254364.xlsx","2019-03-18 16:41:17","e1","a","100.0","e1a"
"455","msolis4","isds1102s4workspace","msolis4_e1b_1552927831972.xlsx","2019-03-18 16:50:55","e1","b","100.0","e1b"
"456","msolis4","isds1102s4workspace","msolis4_e1c_1553099691677.xlsx","2019-03-20 16:35:15","e1","c","90.8333333333","e1c"
"457","msolis4","isds1102s4workspace","msolis4_e1d_1553183516233.xlsx","2019-03-21 15:52:20","e1","d","100.0","e1d"
"458","csloat1","isds1102s4workspace",NA,NA,NA,NA,NA,"NANA"
"459","hli63","isds1102spr19","hli63_e1a_1553150106486.xlsx","2019-03-21 06:35:32","e1","a","93.75","e1a"
"460","hli63","isds1102spr19","hli63_e1b_1553150463983.xlsx","2019-03-21 06:41:28","e1","b","100.0","e1b"
"461","dkerch1","isds1102s3-sp2019","dkerch1_e1a_1552944723263.xlsx","2019-03-18 21:32:26","e1","a","75.0","e1a"
"462","dkerch1","isds1102s3-sp2019","dkerch1_e1b_1553044546989.xlsx","2019-03-20 01:16:10","e1","b","100.0","e1b"
"463","dkerch1","isds1102s3-sp2019","dkerch1_e1c_1553045910980.xlsx","2019-03-20 01:38:55","e1","c","90.8333333333","e1c"
"464","dkerch1","isds1102s3-sp2019","dkerch1_e2a_1553116504393.xlsx","2019-03-20 21:15:28","e2","a","100.0","e2a"
"465","dkerch1","isds1102s3-sp2019","dkerch1_e2b_1553117264991.xlsx","2019-03-20 21:28:09","e2","b","100.0","e2b"
"466","dkerch1","isds1102s3-sp2019","dkerch1_e2c_1553118387983.xlsx","2019-03-20 21:46:52","e2","c","83.3333333333","e2c"
"467","gboull3","isds1102spr19","gboull3_e1a_1553210655864.xlsx","2019-03-21 23:24:40","e1","a","87.5","e1a"
"468","gboull3","isds1102spr19","gboull3_e1b_1553211039834.xlsx","2019-03-21 23:31:04","e1","b","93.75","e1b"
"469","gboull3","isds1102spr19","gboull3_e1c_1553280937003.xlsx","2019-03-22 18:56:02","e1","c","90.8333333333","e1c"
"470","gboull3","isds1102spr19","gboull3_e1d_1553358548864.xlsx","2019-03-23 16:29:33","e1","d","100.0","e1d"
"471","ahodg23","isds1102s4workspace","ahodg23_e1a_1552926258533.xlsx","2019-03-18 16:24:41","e1","a","42.0","e1a"
"472","ahodg23","isds1102s4workspace","ahodg23_e1b_1552926919802.xlsx","2019-03-18 16:35:43","e1","b","100.0","e1b"
"473","ahodg23","isds1102s4workspace","ahodg23_e1a_1552927006308.xlsx","2019-03-18 16:37:09","e1","a","93.75","e1a"
"474","ahodg23","isds1102s4workspace","ahodg23_e1c_1553093022526.xlsx","2019-03-20 14:44:08","e1","c","94.1666666667","e1c"
"475","pwatki4","isds1102s1",NA,NA,NA,NA,NA,"NANA"
"476","stho233","isds1102spr19",NA,NA,NA,NA,NA,"NANA"
"477","rmanni6","isds1102spr19",NA,NA,NA,NA,NA,"NANA"
"478","ediaz8","isds1102spr19","ediaz8_e1a_1553218144216.xlsx","2019-03-22 01:29:29","e1","a","100.0","e1a"
"479","ediaz8","isds1102spr19","ediaz8_e1b_1553229030017.xlsx","2019-03-22 04:30:54","e1","b","100.0","e1b"
"480","ediaz8","isds1102spr19","ediaz8_e1c_1553274646966.xlsx","2019-03-22 17:11:12","e1","c","70.8333333333","e1c"
"481","mmeizo1","isds1102s4workspace",NA,NA,NA,NA,NA,"NANA"
"482","lmccum1","isds1102s3-sp2019",NA,NA,NA,NA,NA,"NANA"
"483","bland1","isds1102spr19",NA,NA,NA,NA,NA,"NANA"
"484","cschm23","isds1102s4workspace","cschm23_e1c_1553100011416.xlsx","2019-03-20 16:40:35","e1","c","74.1666666667","e1c"
"485","cschm23","isds1102s4workspace","cschm23_e1a_1553100091625.xlsx","2019-03-20 16:41:55","e1","a","100.0","e1a"
"486","cschm23","isds1102s4workspace","cschm23_e1b_1553100102911.xlsx","2019-03-20 16:42:06","e1","b","100.0","e1b"
"487","cschm23","isds1102s4workspace","cschm23_e1d_1553100895723.xlsx","2019-03-20 16:55:19","e1","d","100.0","e1d"
"488","cschm23","isds1102s4workspace","cschm23_e2a_1553130247641.xlsx","2019-03-21 01:04:32","e2","a","50.0","e2a"
"489","cschm23","isds1102s4workspace","cschm23_e2a_1553130547257.xlsx","2019-03-21 01:09:32","e2","a","50.0","e2a"
"490","cschm23","isds1102s4workspace","cschm23_e2b_1553131071901.xlsx","2019-03-21 01:18:16","e2","b","100.0","e2b"
"491","cschm23","isds1102s4workspace","cschm23_e2c_1553132787389.xlsx","2019-03-21 01:47:12","e2","c","33.3333333333","e2c"
"492","cschm23","isds1102s4workspace","cschm23_e2c_1553132819775.xlsx","2019-03-21 01:47:45","e2","c","33.3333333333","e2c"
"493","cschm23","isds1102s4workspace","cschm23_e2c_1553133401394.xlsx","2019-03-21 01:57:27","e2","c","50.0","e2c"
"494","ahoang6","isds1102s4workspace","ahoang6_e1a_1553098921574.xlsx","2019-03-20 16:22:25","e1","a","100.0","e1a"
"495","ahoang6","isds1102s4workspace","ahoang6_e2a_1553100610002.xlsx","2019-03-20 16:50:34","e2","a","83.3333333333","e2a"
"496","oleger1","isds1102spr19","oleger1_e1a_1552925855184.xlsx","2019-03-18 16:17:58","e1","a","96.5","e1a"
"497","oleger1","isds1102spr19","oleger1_e1b_1552958927680.xlsx","2019-03-19 01:29:13","e1","b","100.0","e1b"
"498","oleger1","isds1102spr19","oleger1_e1c_1553206032865.xlsx","2019-03-21 22:07:37","e1","c","90.8333333333","e1c"
"499","mjohn74","isds1102s3",NA,NA,NA,NA,NA,"NANA"
"500","pmack2","isds1102s3-sp2019","pmack2_e1b_1553105779276.xlsx","2019-03-20 18:16:43","e1","b","100.0","e1b"
"501","pmack2","isds1102s3-sp2019","pmack2_e1b_1553112273494.xlsx","2019-03-20 20:04:57","e1","b","100.0","e1b"
"502","lkearn2","isds1102s4workspace",NA,NA,NA,NA,NA,"NANA"
"503","jquin19","isds1102spr19",NA,NA,NA,NA,NA,"NANA"
"504","mfrits2","isds1102spr19","mfrits2_e1a_1552428729063.xlsx","2019-03-12 22:12:32","e1","a","87.5","e1a"
"505","mfrits2","isds1102spr19","mfrits2_e1b_1552429058217.xlsx","2019-03-12 22:18:00","e1","b","100.0","e1b"
"506","mfrits2","isds1102spr19","mfrits2_e1a_1552617394420.xlsx","2019-03-15 02:36:58","e1","a","87.5","e1a"
"507","mfrits2","isds1102spr19","mfrits2_e1b_1552617407037.xlsx","2019-03-15 02:37:09","e1","b","100.0","e1b"
"508","mfrits2","isds1102spr19","mfrits2_e1c_1553119493003.xlsx","2019-03-20 22:05:17","e1","c","90.8333333333","e1c"
"509","mfrits2","isds1102spr19","mfrits2_e1d_1553120267075.xlsx","2019-03-20 22:18:11","e1","d","100.0","e1d"
"510","mfrits2","isds1102spr19","mfrits2_e2a_1553182660368.xlsx","2019-03-21 15:38:04","e2","a","100.0","e2a"
"511","mfrits2","isds1102spr19","mfrits2_e2b_1553183139754.xlsx","2019-03-21 15:46:04","e2","b","100.0","e2b"
"512","mfrits2","isds1102spr19","mfrits2_e2b_1553195590069.xlsx","2019-03-21 19:13:34","e2","b","100.0","e2b"
"513","mfrits2","isds1102spr19","mfrits2_e2c_1553201061458.xlsx","2019-03-21 20:44:46","e2","c","75.0","e2c"
"514","mfrits2","isds1102spr19","mfrits2_e2d_1553201955119.xlsx","2019-03-21 20:59:39","e2","d","100.0","e2d"
"515","edivin1","isds1102s4workspace","edivin1_e1a_1552925282565.xlsx","2019-03-18 16:08:25","e1","a","98.25","e1a"
"516","edivin1","isds1102s4workspace","edivin1_e1a_1552926332224.xlsx","2019-03-18 16:25:55","e1","a","99.0","e1a"
"517","edivin1","isds1102s4workspace","edivin1_e1b_1552926941905.xlsx","2019-03-18 16:36:05","e1","b","100.0","e1b"
"518","edivin1","isds1102s4workspace","edivin1_e1c_1553099615817.xlsx","2019-03-20 16:33:59","e1","c","74.1666666667","e1c"
"519","edivin1","isds1102s4workspace","edivin1_e1c_1553099756636.xlsx","2019-03-20 16:36:20","e1","c","90.8333333333","e1c"
"520","edivin1","isds1102s4workspace","edivin1_e1d_1553100522518.xlsx","2019-03-20 16:49:06","e1","d","100.0","e1d"
"521","sdalma1","isds1102s2",NA,NA,NA,NA,NA,"NANA"
"522","wbrow29","isds1102s4workspace","wbrow29_e1a_1553099821758.xlsx","2019-03-20 16:37:58","e1","a","100.0","e1a"
"523","wbrow29","isds1102s4workspace","wbrow29_e1b_1553099992683.xlsx","2019-03-20 16:40:48","e1","b","100.0","e1b"
"524","lberga2","isds1102s4workspace","lberga2_e1b_1553099254318.xlsx","2019-03-20 16:27:58","e1","b","100.0","e1b"
"525","lberga2","isds1102s4workspace","lberga2_e1a_1553200189840.xlsx","2019-03-21 20:30:14","e1","a","100.0","e1a"
"526","lberga2","isds1102s4workspace","lberga2_e1c_1553203241537.xlsx","2019-03-21 21:21:06","e1","c","79.1666666667","e1c"
"527","lberga2","isds1102s4workspace","lberga2_e1c_1553212961082.xlsx","2019-03-22 00:03:05","e1","c","94.1666666667","e1c"
"528","lberga2","isds1102s4workspace","lberga2_e1d_1553362437370.xlsx","2019-03-23 17:34:24","e1","d","83.3333333333","e1d"
"529","jbonal1","isds1102s4workspace",NA,NA,NA,NA,NA,"NANA"
"530","gland31","isds1102s4workspace",NA,NA,NA,NA,NA,"NANA"
"531","aensmi1","isds1102s4workspace","aensmi1_e1a_1553097726208.xlsx","2019-03-20 16:02:30","e1","a","93.75","e1a"
"532","aensmi1","isds1102s4workspace","aensmi1_e1b_1553097804755.xlsx","2019-03-20 16:03:49","e1","b","93.75","e1b"
"533","aensmi1","isds1102s4workspace","aensmi1_e1c_1553100455255.xlsx","2019-03-20 16:47:59","e1","c","74.1666666667","e1c"
"534","jwil592","isds1102s4workspace","jwil592_e1a_1552926797975.xlsx","2019-03-18 16:33:41","e1","a","100.0","e1a"
"535","jwil592","isds1102s4workspace","jwil592_e1b_1552927562731.xlsx","2019-03-18 16:46:26","e1","b","100.0","e1b"
"536","jwil592","isds1102s4workspace","jwil592_e1c_1553099524232.xlsx","2019-03-20 16:32:28","e1","c","94.1666666667","e1c"
"537","ckusmi1","isds1102s4workspace","ckusmi1_e1a_1552926832915.xlsx","2019-03-18 16:34:16","e1","a","70.5","e1a"
"538","ckusmi1","isds1102s4workspace","ckusmi1_e1b_1552927011023.xlsx","2019-03-18 16:37:14","e1","b","59.75","e1b"
"539","ckusmi1","isds1102s4workspace","ckusmi1_e1c_1553095786872.xlsx","2019-03-20 15:30:11","e1","c","94.1666666667","e1c"
"540","ckusmi1","isds1102s4workspace","ckusmi1_e1d_1553098528999.xlsx","2019-03-20 16:15:53","e1","d","100.0","e1d"
"541","ckusmi1","isds1102s4workspace","ckusmi1_e2a_1553100223780.xlsx","2019-03-20 16:44:08","e2","a","83.3333333333","e2a"
"542","ckusmi1","isds1102s4workspace","ckusmi1_e2b_1553102238192.xlsx","2019-03-20 17:17:44","e2","b","100.0","e2b"
"543","ckusmi1","isds1102s4workspace","ckusmi1_e2c_1553104751665.xlsx","2019-03-20 17:59:36","e2","c","100.0","e2c"
"544","mbran24","isds1102s4workspace",NA,NA,NA,NA,NA,"NANA"
"545","kpete44","isds1102s4workspace","kpete44_e1a_1552927103564.xlsx","2019-03-18 16:38:47","e1","a","100.0","e1a"
"546","kpete44","isds1102s4workspace","kpete44_e1a_1552927232771.xlsx","2019-03-18 16:40:56","e1","a","100.0","e1a"
"547","kpete44","isds1102s4workspace","kpete44_e1b_1553097969207.xlsx","2019-03-20 16:06:33","e1","b","100.0","e1b"
"548","anels48","isds1102s4workspace","anels48_e1a_1552926690567.xlsx","2019-03-18 16:31:54","e1","a","80.75","e1a"
"549","gwinkl2","isds1102s4workspace","gwinkl2_e1a_1552927583667.xlsx","2019-03-18 16:46:46","e1","a","100.0","e1a"
"550","gwinkl2","isds1102s4workspace","gwinkl2_e1b_1553097765264.xlsx","2019-03-20 16:03:09","e1","b","100.0","e1b"
"551","gwinkl2","isds1102s4workspace","gwinkl2_e1c_1553100489707.xlsx","2019-03-20 16:48:33","e1","c","94.1666666667","e1c"
"552","jjame83","isds1102s4workspace","jjame83_e1b_1552927640686.xlsx","2019-03-18 16:47:43","e1","b","93.75","e1b"
"553","jjame83","isds1102s4workspace","jjame83_e1a_1552927774754.xlsx","2019-03-18 16:49:58","e1","a","93.75","e1a"
"554","jjame83","isds1102s4workspace","jjame83_e1a_1553096778014.xlsx","2019-03-20 15:46:42","e1","a","93.75","e1a"
"555","jjame83","isds1102s4workspace","jjame83_e1a_1553098936908.xlsx","2019-03-20 16:22:43","e1","a","92.0","e1a"
"556","jjame83","isds1102s4workspace","jjame83_e1b_1553099862297.xlsx","2019-03-20 16:38:06","e1","b","100.0","e1b"
"557","jjame83","isds1102s4workspace","jjame83_e1b_1553099952550.xlsx","2019-03-20 16:39:36","e1","b","100.0","e1b"
"558","ppenic1","isds1102s4workspace","ppenic1_e1a_1552926820950.xlsx","2019-03-18 16:34:04","e1","a","93.75","e1a"
"559","ppenic1","isds1102s4workspace","ppenic1_e1b_1552927388294.xlsx","2019-03-18 16:43:31","e1","b","93.75","e1b"
"560","ppenic1","isds1102s4workspace","ppenic1_e1c_1553040189487.xlsx","2019-03-20 00:03:33","e1","c","89.1666666667","e1c"
"561","ppenic1","isds1102s4workspace","ppenic1_e1d_1553053864997.xlsx","2019-03-20 03:51:29","e1","d","100.0","e1d"
"562","ppenic1","isds1102s4workspace","ppenic1_e2a_1553098379121.xlsx","2019-03-20 16:13:23","e2","a","100.0","e2a"
"563","ppenic1","isds1102s4workspace","ppenic1_e2b_1553099310521.xlsx","2019-03-20 16:28:54","e2","b","100.0","e2b"
"564","ppenic1","isds1102s4workspace","ppenic1_e2c_1553107229235.xlsx","2019-03-20 18:40:53","e2","c","91.6666666667","e2c"
"565","juribe4","isds1102s4workspace","juribe4_e1a_1552927167348.xlsx","2019-03-18 16:39:50","e1","a","84.0","e1a"
"566","juribe4","isds1102s4workspace","juribe4_e1a_1552927829573.xlsx","2019-03-18 16:50:53","e1","a","98.25","e1a"
"567","juribe4","isds1102s4workspace","juribe4_e1b_1552930366994.xlsx","2019-03-18 17:33:10","e1","b","100.0","e1b"
"568","juribe4","isds1102s4workspace","juribe4_e1c_1553019904849.xlsx","2019-03-19 18:25:28","e1","c","0.0","e1c"
"569","juribe4","isds1102s4workspace","juribe4_e1c_1553019981268.xlsx","2019-03-19 18:26:45","e1","c","0.0","e1c"
"570","juribe4","isds1102s4workspace","juribe4_e1c_1553020052918.xlsx","2019-03-19 18:27:56","e1","c","0.0","e1c"
"571","juribe4","isds1102s4workspace","juribe4_e1c_1553020111977.xlsx","2019-03-19 18:28:55","e1","c","0.0","e1c"
"572","juribe4","isds1102s4workspace","juribe4_e1c_1553038435622.xlsx","2019-03-19 23:34:19","e1","c","0.0","e1c"
"573","juribe4","isds1102s4workspace","juribe4_e1d_1553040104038.xlsx","2019-03-20 00:02:07","e1","d","100.0","e1d"
"574","juribe4","isds1102s4workspace","juribe4_e2a_1553098365793.xlsx","2019-03-20 16:13:09","e2","a","100.0","e2a"
"575","juribe4","isds1102s4workspace","juribe4_e2b_1553099160830.xlsx","2019-03-20 16:26:24","e2","b","100.0","e2b"
"576","rberda1","isds1102s4workspace",NA,NA,NA,NA,NA,"NANA"
"577","areili1","isds1102s4workspace","areili1_e1a_1552925672917.xlsx","2019-03-18 16:14:56","e1","a","87.5","e1a"
"578","averdi4","isds1102s4workspace",NA,NA,NA,NA,NA,"NANA"
"579","tsawye2","isds1102spr19",NA,NA,NA,NA,NA,"NANA"
"580","hcoffm1","isds1102spr19",NA,NA,NA,NA,NA,"NANA"
"581","mlaga11","isds1102spr19","mlaga11_e1a_1553021190890.xlsx","2019-03-19 18:46:54","e1","a","93.75","e1a"
"582","lmumey1","isds1102s4workspace","lmumey1_e1a_1552926593209.xlsx","2019-03-18 16:30:16","e1","a","93.75","e1a"
"583","lmumey1","isds1102s4workspace","lmumey1_e1b_1552926842548.xlsx","2019-03-18 16:34:26","e1","b","100.0","e1b"
"584","lmumey1","isds1102s4workspace","lmumey1_e1c_1553093316012.xlsx","2019-03-20 14:49:00","e1","c","90.8333333333","e1c"
"585","lmumey1","isds1102s4workspace","lmumey1_e1d_1553094045835.xlsx","2019-03-20 15:01:10","e1","d","100.0","e1d"
"586","lmumey1","isds1102s4workspace","lmumey1_e2a_1553098144455.xlsx","2019-03-20 16:10:47","e2","a","83.3333333333","e2a"
"587","lmumey1","isds1102s4workspace","lmumey1_e2b_1553098415305.xlsx","2019-03-20 16:13:59","e2","b","95.0","e2b"
"588","lmumey1","isds1102s4workspace","lmumey1_e2c_1553100132397.xlsx","2019-03-20 16:42:59","e2","c","66.6666666667","e2c"
"589","lmumey1","isds1102s4workspace","lmumey1_e2d_1553102103899.xlsx","2019-03-20 17:15:27","e2","d","100.0","e2d"
"590","lmumey1","isds1102s4workspace","lmumey1_e2e_1553103156746.xlsx","2019-03-20 17:33:00","e2","e","90.3333333333","e2e"
"591","akilli3","isds1102s3-sp2019","akilli3_e1a_1552944364096.xlsx","2019-03-18 21:26:28","e1","a","43.75","e1a"
"592","akilli3","isds1102s3-sp2019","akilli3_e1b_1552944912756.xlsx","2019-03-18 21:35:36","e1","b","62.5","e1b"
"593","akilli3","isds1102s3-sp2019","akilli3_e2a_1553116489813.xlsx","2019-03-20 21:15:14","e2","a","100.0","e2a"
"594","akilli3","isds1102s3-sp2019","akilli3_e2b_1553117404420.xlsx","2019-03-20 21:30:29","e2","b","90.0","e2b"
"595","sdav169","isds1102spr19",NA,NA,NA,NA,NA,"NANA"
"596","hedwar7","isds1102spr19",NA,NA,NA,NA,NA,"NANA"
"597","jbro394","isds1102spr19",NA,NA,NA,NA,NA,"NANA"
"598","mkriel1","isds1102spr19",NA,NA,NA,NA,NA,"NANA"
"599","ahar179","isds1102s3-sp2019",NA,NA,NA,NA,NA,"NANA"
"600","pmichi1","isds1102s5",NA,NA,NA,NA,NA,"NANA"
"601","ctho244","ddslablsu","ctho244_e1a_1552938622793.xlsx","2019-03-18 19:50:46","e1","a","93.75","e1a"
"602","ctho244","ddslablsu","ctho244_e1a_1552938742101.xlsx","2019-03-18 19:52:45","e1","a","97.25","e1a"
"603","ctho244","ddslablsu","ctho244_e1a_1552938777398.xlsx","2019-03-18 19:53:20","e1","a","97.25","e1a"
"604","ctho244","ddslablsu","ctho244_e1a_1552938840966.xlsx","2019-03-18 19:54:24","e1","a","100.0","e1a"
"605","ctho244","ddslablsu","ctho244_e1b_1552939047924.xlsx","2019-03-18 19:57:51","e1","b","100.0","e1b"
"606","ctho244","ddslablsu","ctho244_e1c_1552939654852.xlsx","2019-03-18 20:07:58","e1","c","87.5","e1c"
"607","ctho244","ddslablsu","ctho244_e1c_1552939802114.xlsx","2019-03-18 20:10:25","e1","c","93.3333333333","e1c"
"608","ctho244","ddslablsu","ctho244_e1c_1552939871823.xlsx","2019-03-18 20:11:35","e1","c","100.0","e1c"
"609","ctho244","ddslablsu","ctho244_e1d_1552940307220.xlsx","2019-03-18 20:18:51","e1","d","100.0","e1d"
"610","ctho244","ddslablsu","ctho244_e2a_1553100660568.xlsx","2019-03-20 16:51:24","e2","a","100.0","e2a"
"611","ctho244","ddslablsu","ctho244_e2b_1553101055287.xlsx","2019-03-20 16:57:59","e2","b","100.0","e2b"
"612","ctho244","ddslablsu","ctho244_e2c_1553103703274.xlsx","2019-03-20 17:42:07","e2","c","100.0","e2c"
"613","ctho244","ddslablsu","ctho244_e2d_1553104589501.xlsx","2019-03-20 17:56:53","e2","d","100.0","e2d"
"614","klanau1","isds1102s4workspace","klanau1_e1a_1552926278383.xlsx","2019-03-18 16:25:01","e1","a","100.0","e1a"
"615","klanau1","isds1102s4workspace","klanau1_e1b_1552926627374.xlsx","2019-03-18 16:30:50","e1","b","100.0","e1b"
"616","klanau1","isds1102s4workspace","klanau1_e1c_1552939630818.xlsx","2019-03-18 20:07:34","e1","c","90.8333333333","e1c"
"617","klanau1","isds1102s4workspace","klanau1_e1d_1552941031683.xlsx","2019-03-18 20:30:55","e1","d","100.0","e1d"
"618","klanau1","isds1102s4workspace","klanau1_e2a_1553097836811.xlsx","2019-03-20 16:04:21","e2","a","100.0","e2a"
"619","klanau1","isds1102s4workspace","klanau1_e2c_1553099864845.xlsx","2019-03-20 16:38:09","e2","c","83.3333333333","e2c"
"620","csalva3","isds1102s4workspace",NA,NA,NA,NA,NA,"NANA"
"621","msmi432","isds1102spr19",NA,NA,NA,NA,NA,"NANA"
"622","dmil117","isds1102spr19",NA,NA,NA,NA,NA,"NANA"
"623","mtrave2","isds1102s4workspace",NA,NA,NA,NA,NA,"NANA"
"624","clomba7","isds1102spr19",NA,NA,NA,NA,NA,"NANA"
"625","rdonov3","isds1102s4workspace","rdonov3_e1a_1552919743591.xlsx","2019-03-18 14:36:08","e1","a","93.75","e1a"
"626","rdonov3","isds1102s4workspace","rdonov3_e1a_1552919797750.xlsx","2019-03-18 14:37:01","e1","a","100.0","e1a"
"627","rdonov3","isds1102s4workspace","rdonov3_e1b_1552920260276.xlsx","2019-03-18 14:44:43","e1","b","100.0","e1b"
"628","rdonov3","isds1102s4workspace","rdonov3_e1c_1552920810887.xlsx","2019-03-18 14:53:54","e1","c","94.1666666667","e1c"
"629","rdonov3","isds1102s4workspace","rdonov3_e1c_1552920908442.xlsx","2019-03-18 14:55:31","e1","c","94.1666666667","e1c"
"630","rdonov3","isds1102s4workspace","rdonov3_e1c_1552921316641.xlsx","2019-03-18 15:02:20","e1","c","94.1666666667","e1c"
"631","rdonov3","isds1102s4workspace","rdonov3_e1d_1552921977695.xlsx","2019-03-18 15:13:21","e1","d","100.0","e1d"
"632","rdonov3","isds1102s4workspace","rdonov3_e2a_1553214846754.xlsx","2019-03-22 00:34:31","e2","a","100.0","e2a"
"633","rdonov3","isds1102s4workspace","rdonov3_e2b_1553214852583.xlsx","2019-03-22 00:34:36","e2","b","100.0","e2b"
"634","rdonov3","isds1102s4workspace","rdonov3_e2c_1553214859406.xlsx","2019-03-22 00:34:44","e2","c","83.3333333333","e2c"
"635","rdonov3","isds1102s4workspace","rdonov3_e2d_1553214865001.xlsx","2019-03-22 00:34:49","e2","d","100.0","e2d"
"636","rdonov3","isds1102s4workspace","rdonov3_e2e_1553214869815.xlsx","2019-03-22 00:34:54","e2","e","100.0","e2e"
"637","rdonov3","isds1102s4workspace","rdonov3_e2c_1553215009477.xlsx","2019-03-22 00:37:14","e2","c","83.3333333333","e2c"
"638","rdonov3","isds1102s4workspace","rdonov3_e2c_1553266322827.xlsx","2019-03-22 14:52:27","e2","c","100.0","e2c"
"639","lstell9","isds1102s4workspace",NA,NA,NA,NA,NA,"NANA"
"640","mgrady8","isds1102s4workspace","mgrady8_e1a_1552927250567.xlsx","2019-03-18 16:41:13","e1","a","71.75","e1a"
"641","mgrady8","isds1102s4workspace","mgrady8_e1b_1552927260752.xlsx","2019-03-18 16:41:24","e1","b","71.75","e1b"
"642","mwelbo3","isds1102spr19",NA,NA,NA,NA,NA,"NANA"
"643","clitt24","isds1102s4workspace","clitt24_e1a_1552927327994.xlsx","2019-03-18 16:42:32","e1","a","93.75","e1a"
"644","clitt24","isds1102s4workspace","clitt24_e1a_1552927586614.xlsx","2019-03-18 16:46:50","e1","a","100.0","e1a"
"645","clitt24","isds1102s4workspace","clitt24_e1b_1553098223620.xlsx","2019-03-20 16:10:47","e1","b","100.0","e1b"
"646","nawad5","isds1102s4workspace",NA,NA,NA,NA,NA,"NANA"
"647","cpaisa1","isds1102spr19",NA,NA,NA,NA,NA,"NANA"
"648","amela25","isds1102s3-sp2019",NA,NA,NA,NA,NA,"NANA"
"649","dcheva3","isds1102s4workspace",NA,NA,NA,NA,NA,"NANA"
"650","hmenen2","isds1102spr19",NA,NA,NA,NA,NA,"NANA"
"651","hgarri6","isds1102spr19",NA,NA,NA,NA,NA,"NANA"
"652","blee57","isds1102s4workspace",NA,NA,NA,NA,NA,"NANA"
"653","ccome31","isds1102spr19",NA,NA,NA,NA,NA,"NANA"
"654","cprudh6","isds1102spr19",NA,NA,NA,NA,NA,"NANA"
"655","lalex35","isds1102s3-sp2019",NA,NA,NA,NA,NA,"NANA"
"656","croge53","isds1102spr19","croge53_e1a_1553120608000.xlsx","2019-03-20 22:23:52","e1","a","93.75","e1a"
"657","croge53","isds1102spr19","croge53_e1b_1553121153971.xlsx","2019-03-20 22:32:58","e1","b","100.0","e1b"
"658","croge53","isds1102spr19","croge53_e1c_1553122749281.xlsx","2019-03-20 22:59:35","e1","c","90.8333333333","e1c"
"659","croge53","isds1102spr19","croge53_e1d_1553123499963.xlsx","2019-03-20 23:12:07","e1","d","100.0","e1d"
"660","jbro392","isds-1102-hq",NA,NA,NA,NA,NA,"NANA"
"661","smacad2","isds1102spr19",NA,NA,NA,NA,NA,"NANA"
"662","troueg1","isds1102spr19",NA,NA,NA,NA,NA,"NANA"
"663","charle4","isds1102spr19",NA,NA,NA,NA,NA,"NANA"
"664","bhatte1","isds1102spr19",NA,NA,NA,NA,NA,"NANA"
"665","nbabin7","isds1102s4workspace",NA,NA,NA,NA,NA,"NANA"
"666","sperva1","isds1102s4workspace","sperva1_e1a_1552928049821.xlsx","2019-03-18 16:54:33","e1","a","100.0","e1a"
"667","sperva1","isds1102s4workspace","sperva1_e1a_1552964082915.xlsx","2019-03-19 02:55:06","e1","a","100.0","e1a"
"668","sperva1","isds1102s4workspace","sperva1_e1b_1552965070731.xlsx","2019-03-19 03:11:34","e1","b","100.0","e1b"
"669","sperva1","isds1102s4workspace","sperva1_e1a_1552965173115.xlsx","2019-03-19 03:13:16","e1","a","100.0","e1a"
"670","sperva1","isds1102s4workspace","sperva1_e1a_1552973774402.xlsx","2019-03-19 05:36:39","e1","a","100.0","e1a"
"671","sperva1","isds1102s4workspace","sperva1_e1b_1552979032898.xlsx","2019-03-19 07:04:18","e1","b","100.0","e1b"
"672","sperva1","isds1102s4workspace","sperva1_e1b_1552979153622.xlsx","2019-03-19 07:06:17","e1","b","100.0","e1b"
"673","sperva1","isds1102s4workspace","sperva1_e1b_1553057775493.xlsx","2019-03-20 04:56:39","e1","b","100.0","e1b"
"674","sperva1","isds1102s4workspace","sperva1_e1b_1553058051361.xlsx","2019-03-20 05:01:15","e1","b","100.0","e1b"
"675","sperva1","isds1102s4workspace","sperva1_e1c_1553070389691.xlsx","2019-03-20 08:26:54","e1","c","90.8333333333","e1c"
"676","sperva1","isds1102s4workspace","sperva1_e1c_1553070816598.xlsx","2019-03-20 08:34:00","e1","c","94.1666666667","e1c"
"677","sperva1","isds1102s4workspace","sperva1_e1d_1553076327343.xlsx","2019-03-20 10:05:53","e1","d","100.0","e1d"
"678","sperva1","isds1102s4workspace","sperva1_e2a_1553100069450.xlsx","2019-03-20 16:41:33","e2","a","100.0","e2a"
"679","sperva1","isds1102s4workspace","sperva1_e1d_1553240139381.xlsx","2019-03-22 07:36:05","e1","d","100.0","e1d"
"680","sperva1","isds1102s4workspace","sperva1_e1d_1553242060528.xlsx","2019-03-22 08:08:05","e1","d","100.0","e1d"
"681","sperva1","isds1102s4workspace","sperva1_e1a_1553242719040.xlsx","2019-03-22 08:19:03","e1","a","100.0","e1a"
"682","sperva1","isds1102s4workspace","sperva1_e1a_1553243357047.xlsx","2019-03-22 08:29:41","e1","a","93.75","e1a"
"683","sperva1","isds1102s4workspace","sperva1_e1a_1553243877281.xlsx","2019-03-22 08:38:22","e1","a","100.0","e1a"
"684","sperva1","isds1102s4workspace","sperva1_e1b_1553246169726.xlsx","2019-03-22 09:16:34","e1","b","100.0","e1b"
"685","sperva1","isds1102s4workspace","sperva1_e1b_1553246546452.xlsx","2019-03-22 09:22:51","e1","b","100.0","e1b"
"686","sperva1","isds1102s4workspace","sperva1_e1c_1553251650466.xlsx","2019-03-22 10:47:55","e1","c","8.33333333333","e1c"
"687","sperva1","isds1102s4workspace","sperva1_e1c_1553251734348.xlsx","2019-03-22 10:49:19","e1","c","80.3333333333","e1c"
"688","sperva1","isds1102s4workspace","sperva1_e1c_1553252785390.xlsx","2019-03-22 11:06:50","e1","c","94.1666666667","e1c"
"689","sperva1","isds1102s4workspace","sperva1_e1c_1553253902309.xlsx","2019-03-22 11:25:27","e1","c","90.8333333333","e1c"
"690","sperva1","isds1102s4workspace","sperva1_e1c_1553254011964.xlsx","2019-03-22 11:27:16","e1","c","90.8333333333","e1c"
"691","sperva1","isds1102s4workspace","sperva1_e1c_1553255152418.xlsx","2019-03-22 11:46:30","e1","c","65.8333333333","e1c"
"692","sperva1","isds1102s4workspace","sperva1_e2a_1553296399457.xlsx","2019-03-22 23:13:47","e2","a","100.0","e2a"
"693","sperva1","isds1102s4workspace","sperva1_e2a_1553297517796.xlsx","2019-03-22 23:32:23","e2","a","100.0","e2a"
"694","sperva1","isds1102s4workspace","sperva1_e2a_1553298045382.xlsx","2019-03-22 23:41:10","e2","a","100.0","e2a"
"695","sperva1","isds1102s4workspace","sperva1_e2a_1553298115938.xlsx","2019-03-22 23:42:21","e2","a","100.0","e2a"
"696","sperva1","isds1102s4workspace","sperva1_e2b_1553299514657.xlsx","2019-03-23 00:05:40","e2","b","100.0","e2b"
"697","sperva1","isds1102s4workspace","sperva1_e2b_1553300264411.xlsx","2019-03-23 00:18:09","e2","b","80.0","e2b"
"698","sperva1","isds1102s4workspace","sperva1_e2b_1553300321625.xlsx","2019-03-23 00:19:06","e2","b","100.0","e2b"
"699","sruss32","isds1102spr19",NA,NA,NA,NA,NA,"NANA"
"700","jporc13","isds1102s3-sp2019","jporc13_e1a_1552944673869.xlsx","2019-03-18 21:31:37","e1","a","100.0","e1a"
"701","gcharc1","isds1102s4workspace","gcharc1_e1a_1552927351536.xlsx","2019-03-18 16:42:54","e1","a","100.0","e1a"
"702","gcharc1","isds1102s4workspace","gcharc1_e1b_1553056603709.xlsx","2019-03-20 04:37:07","e1","b","75.0","e1b"
"703","gcharc1","isds1102s4workspace","gcharc1_e1c_1553093488836.xlsx","2019-03-20 14:51:52","e1","c","82.5","e1c"
"704","gcharc1","isds1102s4workspace","gcharc1_e2a_1553100175320.xlsx","2019-03-20 16:43:21","e2","a","100.0","e2a"
"705","char161","isds1102s3-sp2019",NA,NA,NA,NA,NA,"NANA"
"706","vdoan1","isds1102spr19",NA,NA,NA,NA,NA,"NANA"
"707","hstroe2","isds1102spr19",NA,NA,NA,NA,NA,"NANA"
"708","rschmo1","isds1102s6",NA,NA,NA,NA,NA,"NANA"
"709","bjanis2","isds1102spr19",NA,NA,NA,NA,NA,"NANA"
"710","stayl99","isds1102spr19",NA,NA,NA,NA,NA,"NANA"
"711","lleinb1","isds1102spr19",NA,NA,NA,NA,NA,"NANA"
"712","dwats27","isds1102s3-sp2019","dwats27_e1b_1553115260534.xlsx","2019-03-20 20:54:44","e1","b","100.0","e1b"
"713","dwats27","isds1102s3-sp2019","dwats27_e1a_1553115266412.xlsx","2019-03-20 20:54:50","e1","a","90.5","e1a"
"714","frobi11","isds1102s4workspace",NA,NA,NA,NA,NA,"NANA"
"715","azaeff1","isds1102spr19",NA,NA,NA,NA,NA,"NANA"
"716","psuksu1","isds1102spr19",NA,NA,NA,NA,NA,"NANA"
"717","ejone65","isds3107-spring2019",NA,NA,NA,NA,NA,"NANA"
"718","dmitc22","isds1102spr19","dmitc22_e1a_1553137513239.xlsx","2019-03-21 03:05:37","e1","a","87.5","e1a"
"719","dmitc22","isds1102spr19","dmitc22_e1b_1553138205490.xlsx","2019-03-21 03:17:09","e1","b","100.0","e1b"
"720","dmitc22","isds1102spr19","dmitc22_e1c_1553139942445.xlsx","2019-03-21 03:46:06","e1","c","90.8333333333","e1c"
"721","dmitc22","isds1102spr19","dmitc22_e1d_1553140660168.xlsx","2019-03-21 03:58:04","e1","d","100.0","e1d"
"722","bodonn4","isds1102s4workspace",NA,NA,NA,NA,NA,"NANA"
"723","gdahm1","isds1102s3-sp2019",NA,NA,NA,NA,NA,"NANA"
"724","lmire7","isds1102spr19","lmire7_e1a_1553021670577.xlsx","2019-03-19 18:54:54","e1","a","99.0","e1a"
"725","lmire7","isds1102spr19","lmire7_e1b_1553183653294.xlsx","2019-03-21 15:54:37","e1","b","100.0","e1b"
"726","lmire7","isds1102spr19","lmire7_e1c_1553187422204.xlsx","2019-03-21 16:57:26","e1","c","90.8333333333","e1c"
"727","lmire7","isds1102spr19","lmire7_e1d_1553191644376.xlsx","2019-03-21 18:07:48","e1","d","100.0","e1d"
"728","osmit16","isds1102spr19",NA,NA,NA,NA,NA,"NANA"
"729","mston23","isds1102s4workspace",NA,NA,NA,NA,NA,"NANA"
"730","ppoiri3","isds1102spr19",NA,NA,NA,NA,NA,"NANA"
"731","amerkl1","ddslablsu",NA,NA,NA,NA,NA,"NANA"
"732","char175","isds1102spr19",NA,NA,NA,NA,NA,"NANA"
"733","obrign1","isds1102s4workspace","obrign1_e1a_1553099325521.xlsx","2019-03-20 16:29:09","e1","a","100.0","e1a"
"734","obrign1","isds1102s4workspace","obrign1_e1b_1553100304290.xlsx","2019-03-20 16:45:28","e1","b","100.0","e1b"
"735","jcore5","isds1102s3-sp2019","jcore5_e1a_1552944049240.xlsx","2019-03-18 21:21:12","e1","a","100.0","e1a"
"736","jcore5","isds1102s3-sp2019","jcore5_e1b_1552944509579.xlsx","2019-03-18 21:28:59","e1","b","0.0","e1b"
"737","bboisf1","isds1102spr19",NA,NA,NA,NA,NA,"NANA"
"738","bnunne2","isds1102spr19",NA,NA,NA,NA,NA,"NANA"
"739","etassi6","isds1102s2",NA,NA,NA,NA,NA,"NANA"
"740","jtompk7","isds1102spr19",NA,NA,NA,NA,NA,"NANA"
"741","pjacob7","isds1102s4workspace","pjacob7_e1a_1552925798669.xlsx","2019-03-18 16:17:02","e1","a","100.0","e1a"
"742","pjacob7","isds1102s4workspace","pjacob7_e1b_1552926083724.xlsx","2019-03-18 16:21:47","e1","b","100.0","e1b"
"743","pjacob7","isds1102s4workspace","pjacob7_e1c_1552931085279.xlsx","2019-03-18 17:45:09","e1","c","94.1666666667","e1c"
"744","pjacob7","isds1102s4workspace","pjacob7_e1d_1552931749693.xlsx","2019-03-18 17:56:13","e1","d","100.0","e1d"
"745","pjacob7","isds1102s4workspace","pjacob7_e1d_1552931759138.xlsx","2019-03-18 17:56:23","e1","d","100.0","e1d"
"746","pjacob7","isds1102s4workspace","pjacob7_e2a_1553097825593.xlsx","2019-03-20 16:05:31","e2","a","83.3333333333","e2a"
"747","pjacob7","isds1102s4workspace","pjacob7_e2a_1553097839136.xlsx","2019-03-20 16:05:41","e2","a","83.3333333333","e2a"
"748","pjacob7","isds1102s4workspace","pjacob7_e2a_1553097875784.xlsx","2019-03-20 16:06:17","e2","a","83.3333333333","e2a"
"749","pjacob7","isds1102s4workspace","pjacob7_e2a_1553097910629.xlsx","2019-03-20 16:06:57","e2","a","83.3333333333","e2a"
"750","pjacob7","isds1102s4workspace","pjacob7_e2b_1553098324552.xlsx","2019-03-20 16:12:28","e2","b","100.0","e2b"
"751","pjacob7","isds1102s4workspace","pjacob7_e2c_1553099917603.xlsx","2019-03-20 16:39:02","e2","c","100.0","e2c"
"752","pjacob7","isds1102s4workspace","pjacob7_e2d_1553102505149.xlsx","2019-03-20 17:22:09","e2","d","100.0","e2d"
"753","pjacob7","isds1102s4workspace","pjacob7_e2e_1553103281295.xlsx","2019-03-20 17:35:05","e2","e","97.6666666667","e2e"
"754","mbush13","isds1102spr19",NA,NA,NA,NA,NA,"NANA"
"755","jrente1","isds1102s3-sp2019",NA,NA,NA,NA,NA,"NANA"
"756","swalle5","isds1102spr19",NA,NA,NA,NA,NA,"NANA"
"757","aaoun1","isds1102s4workspace","aaoun1_e1a_1553118347375.xlsx","2019-03-20 21:46:11","e1","a","96.5","e1a"
"758","aaoun1","isds1102s4workspace","aaoun1_e1a_1553118394786.xlsx","2019-03-20 21:47:00","e1","a","96.5","e1a"
"759","aaoun1","isds1102s4workspace","aaoun1_e1b_1553119203979.xlsx","2019-03-20 22:00:28","e1","b","100.0","e1b"
"760","mwhatl6","isds1102spr19",NA,NA,NA,NA,NA,"NANA"
"761","jsmi626","isds1102spr19",NA,NA,NA,NA,NA,"NANA"
"762","asosny1","isds1102s3-sp2019",NA,NA,NA,NA,NA,"NANA"
"763","aalley4","isds1102spr19",NA,NA,NA,NA,NA,"NANA"
"764","gingra7","isds1102s4workspace","gingra7_e1a_1553097559415.xlsx","2019-03-20 15:59:46","e1","a","100.0","e1a"
"765","gingra7","isds1102s4workspace","gingra7_e1b_1553099456671.xlsx","2019-03-20 16:31:20","e1","b","93.75","e1b"
"766","gingra7","isds1102s4workspace","gingra7_e1c_1553102552535.xlsx","2019-03-20 17:22:58","e1","c","57.5","e1c"
"767","gingra7","isds1102s4workspace","gingra7_e1d_1553103971765.xlsx","2019-03-20 17:46:35","e1","d","50.0","e1d"
"768","tbeard6","isds1102s4workspace",NA,NA,NA,NA,NA,"NANA"
"769","gmoor21","isds1102spr19",NA,NA,NA,NA,NA,"NANA"
"770","cbaref5","isds1102s1",NA,NA,NA,NA,NA,"NANA"
"771","klopic1","isds1102s3-sp2019",NA,NA,NA,NA,NA,"NANA"
"772","yliu135","yanqiongliu","yliu135_e1a_1552927430506.xlsx","2019-03-18 16:44:13","e1","a","93.75","e1a"
"773","yliu135","yanqiongliu","yliu135_e1b_1552927451922.xlsx","2019-03-18 16:44:35","e1","b","100.0","e1b"
"774","yliu135","yanqiongliu","yliu135_e1c_1552961062745.xlsx","2019-03-19 02:04:48","e1","c","87.5","e1c"
"775","yliu135","yanqiongliu","yliu135_e1d_1552962124564.xlsx","2019-03-19 02:22:28","e1","d","50.0","e1d"
"776","yliu135","yanqiongliu","yliu135_e1d_1552962216790.xlsx","2019-03-19 02:24:00","e1","d","83.3333333333","e1d"
"777","abergi3","isds1102s4workspace","abergi3_e1a_1552926675459.xlsx","2019-03-18 16:31:38","e1","a","100.0","e1a"
"778","abergi3","isds1102s4workspace","abergi3_e1b_1553097141752.xlsx","2019-03-20 15:52:52","e1","b","0.0","e1b"
"779","abergi3","isds1102s4workspace","abergi3_e1c_1553097186657.xlsx","2019-03-20 15:53:30","e1","c","90.8333333333","e1c"
"780","abergi3","isds1102s4workspace","abergi3_e1d_1553097927541.xlsx","2019-03-20 16:05:51","e1","d","100.0","e1d"
"781","arubio6","isds1102s4workspace","arubio6_e1a_1552928112402.xlsx","2019-03-18 16:55:35","e1","a","99.0","e1a"
"782","arubio6","isds1102s4workspace","arubio6_e1a_1552928469202.xlsx","2019-03-18 17:01:32","e1","a","99.0","e1a"
"783","arubio6","isds1102s4workspace","arubio6_e2a_1553099237614.xlsx","2019-03-20 16:28:35","e2","a","33.3333333333","e2a"
"784","arubio6","isds1102s4workspace","arubio6_e2a_1553099360885.xlsx","2019-03-20 16:30:37","e2","a","33.3333333333","e2a"
"785","arubio6","isds1102s4workspace","arubio6_e2a_1553099577370.xlsx","2019-03-20 16:33:21","e2","a","100.0","e2a"
"786","dpeebl1","isds1102spr19","dpeebl1_e1a_1553093747694.xlsx","2019-03-20 14:56:11","e1","a","87.5","e1a"
"787","dpeebl1","isds1102spr19","dpeebl1_e1b_1553094862382.xlsx","2019-03-20 15:14:46","e1","b","87.5","e1b"
"788","dpeebl1","isds1102spr19","dpeebl1_e1c_1553096947120.xlsx","2019-03-20 15:49:31","e1","c","90.8333333333","e1c"
"789","dbigne1","isds1102s4workspace","dbigne1_e1a_1553099431478.xlsx","2019-03-20 16:30:55","e1","a","100.0","e1a"
"790","dbigne1","isds1102s4workspace","dbigne1_e1b_1553099442302.xlsx","2019-03-20 16:31:06","e1","b","75.0","e1b"
"791","dbigne1","isds1102s4workspace","dbigne1_e1c_1553099450485.xlsx","2019-03-20 16:31:14","e1","c","87.5","e1c"
"792","dbigne1","isds1102s4workspace","dbigne1_e1d_1553100892895.xlsx","2019-03-20 16:55:17","e1","d","100.0","e1d"
"793","nvaugh5","isds1102spr19",NA,NA,NA,NA,NA,"NANA"
"794","krohrb1","isds1102s4workspace","krohrb1_e1a_1552926065796.xlsx","2019-03-18 16:21:29","e1","a","100.0","e1a"
"795","krohrb1","isds1102s4workspace","krohrb1_e1b_1552926451706.xlsx","2019-03-18 16:27:55","e1","b","75.0","e1b"
"796","krohrb1","isds1102s4workspace","krohrb1_e1c_1553028184450.xlsx","2019-03-19 20:43:28","e1","c","87.5","e1c"
"797","krohrb1","isds1102s4workspace","krohrb1_e1d_1553028937868.xlsx","2019-03-19 20:56:01","e1","d","100.0","e1d"
"798","twale1","isds1102s3-sp2019",NA,NA,NA,NA,NA,"NANA"
"799","jgard28","isds1102s4workspace",NA,NA,NA,NA,NA,"NANA"
"800","tgray19","isds1102s3-sp2019","tgray19_e1a_1552944302172.xlsx","2019-03-18 21:25:26","e1","a","84.0","e1a"
"801","tgray19","isds1102s3-sp2019","tgray19_e1b_1552945255620.xlsx","2019-03-18 21:41:19","e1","b","100.0","e1b"
"802","tgray19","isds1102s3-sp2019","tgray19_e1c_1552950777464.xlsx","2019-03-18 23:13:21","e1","c","88.6666666667","e1c"
"803","tgray19","isds1102s3-sp2019","tgray19_e1d_1552952179421.xlsx","2019-03-18 23:36:43","e1","d","100.0","e1d"
"804","tgray19","isds1102s3-sp2019","tgray19_e2a_1552952916398.xlsx","2019-03-18 23:49:00","e2","a","83.3333333333","e2a"
"805","tgray19","isds1102s3-sp2019","tgray19_e2b_1552953834786.xlsx","2019-03-19 00:04:18","e2","b","95.0","e2b"
"806","tgray19","isds1102s3-sp2019","tgray19_e2c_1552964017450.xlsx","2019-03-19 02:54:03","e2","c","50.0","e2c"
"807","tgray19","isds1102s3-sp2019","tgray19_e3a_1553118435295.xlsx","2019-03-20 21:47:41","e3","a","93.75","e3a"
"808","gomes1","isds1102spr19",NA,NA,NA,NA,NA,"NANA"
"809","tporch3","isds1102spr19",NA,NA,NA,NA,NA,"NANA"
"810","kpanke2","isds1102s3-sp2019","kpanke2_e1a_1553117734495.xlsx","2019-03-20 21:35:58","e1","a","93.75","e1a"
"811","apric56","isds1102spr19",NA,NA,NA,NA,NA,"NANA"
"812","cmcki28","isds1102spr19",NA,NA,NA,NA,NA,"NANA"
"813","halkaa1","isds1102spr19",NA,NA,NA,NA,NA,"NANA"
"814","kfette3","isds1102s4workspace","kfette3_e1a_1552927180722.xlsx","2019-03-18 16:40:04","e1","a","90.25","e1a"
"815","kfette3","isds1102s4workspace","kfette3_e1b_1552927221942.xlsx","2019-03-18 16:40:45","e1","b","93.75","e1b"
"816","kfette3","isds1102s4workspace","kfette3_e1a_1553094251590.xlsx","2019-03-20 15:04:35","e1","a","90.25","e1a"
"817","kfette3","isds1102s4workspace","kfette3_e1b_1553094261273.xlsx","2019-03-20 15:04:45","e1","b","93.75","e1b"
"818","abelan8","isds1102spr19",NA,NA,NA,NA,NA,"NANA"
"819","eleake1","isds1102s4workspace","eleake1_e1a_1553191706085.xlsx","2019-03-21 18:08:50","e1","a","96.5","e1a"
"820","eleake1","isds1102s4workspace","eleake1_e1b_1553191853793.xlsx","2019-03-21 18:11:18","e1","b","100.0","e1b"
"821","asumli2","isds1102spr19",NA,NA,NA,NA,NA,"NANA"
"822","rboud34","isds1102spr19",NA,NA,NA,NA,NA,"NANA"
"823","jhard25","isds1102spr19",NA,NA,NA,NA,NA,"NANA"
"824","ccamp57","isds1102s3-sp2019",NA,NA,NA,NA,NA,"NANA"
"825","jjudi13","isds1102s4workspace","jjudi13_e1b_1552924819996.xlsx","2019-03-18 16:00:43","e1","b","93.75","e1b"
"826","jjudi13","isds1102s4workspace","jjudi13_e1a_1552924869406.xlsx","2019-03-18 16:01:32","e1","a","87.5","e1a"
"827","jjudi13","isds1102s4workspace","jjudi13_e1b_1552925194531.xlsx","2019-03-18 16:06:58","e1","b","100.0","e1b"
"828","jjudi13","isds1102s4workspace","jjudi13_e1c_1552926261704.xlsx","2019-03-18 16:24:45","e1","c","55.8333333333","e1c"
"829","jjudi13","isds1102s4workspace","jjudi13_e1d_1552926921176.xlsx","2019-03-18 16:35:44","e1","d","100.0","e1d"
"830","jjudi13","isds1102s4workspace","jjudi13_e2a_1553022917290.xlsx","2019-03-19 19:16:34","e2","a","33.3333333333","e2a"
"831","jjudi13","isds1102s4workspace","jjudi13_e2a_1553022937601.xlsx","2019-03-19 19:16:56","e2","a","33.3333333333","e2a"
"832","jjudi13","isds1102s4workspace","jjudi13_e2b_1553025517750.xlsx","2019-03-19 19:59:03","e2","b","80.0","e2b"
"833","jjudi13","isds1102s4workspace","jjudi13_e2b_1553025972610.xlsx","2019-03-19 20:06:38","e2","b","80.0","e2b"
"834","jjudi13","isds1102s4workspace","jjudi13_e2a_1553025965678.xlsx","2019-03-19 20:07:23","e2","a","33.3333333333","e2a"
"835","jjudi13","isds1102s4workspace","jjudi13_e2c_1553027451015.xlsx","2019-03-19 20:31:15","e2","c","66.6666666667","e2c"
"836","jjudi13","isds1102s4workspace","jjudi13_e2d_1553028306711.xlsx","2019-03-19 20:45:30","e2","d","100.0","e2d"
"837","jjudi13","isds1102s4workspace","jjudi13_e2a_1553093709450.xlsx","2019-03-20 14:55:33","e2","a","100.0","e2a"
"838","jjudi13","isds1102s4workspace","jjudi13_e2b_1553094427993.xlsx","2019-03-20 15:07:31","e2","b","80.0","e2b"
"839","jjudi13","isds1102s4workspace","jjudi13_e2c_1553097164648.xlsx","2019-03-20 15:53:09","e2","c","66.6666666667","e2c"
"840","jjudi13","isds1102s4workspace","jjudi13_e2d_1553098467169.xlsx","2019-03-20 16:14:51","e2","d","100.0","e2d"
"841","jjudi13","isds1102s4workspace","jjudi13_e2e_1553098934341.xlsx","2019-03-20 16:22:38","e2","e","97.6666666667","e2e"
"842","ccarin2","isds1102spr19",NA,NA,NA,NA,NA,"NANA"
"843","catherine.albano","lsudining",NA,NA,NA,NA,NA,"NANA"
"844","gspino2","isds1102s4workspace","gspino2_e1a_1553035278914.xlsx","2019-03-19 22:41:42","e1","a","87.5","e1a"
"845","gspino2","isds1102s4workspace","gspino2_e1b_1553097960509.xlsx","2019-03-20 16:06:30","e1","b","0.0","e1b"
"846","demo1","ddslablsu","demo1_e1a_1548384622556.xlsx","2019-01-25 02:50:31","e1","a","100.0","e1a"
"847","demo1","ddslablsu","demo1_e1a_1548384974607.xlsx","2019-01-25 02:56:21","e1","a","100.0","e1a"
"848","demo1","ddslablsu","demo1_e1a_1548386991396.xlsx","2019-01-25 03:30:02","e1","a","93.75","e1a"
"849","demo1","ddslablsu","demo1_e1a_1548387495625.xlsx","2019-01-25 03:38:22","e1","a","93.75","e1a"
"850","demo1","ddslablsu","demo1_e1a_1548387746030.xlsx","2019-01-25 03:42:33","e1","a","93.75","e1a"
"851","demo1","ddslablsu","demo1_e1a_1548427738806.xlsx","2019-01-25 14:49:06","e1","a","87.5","e1a"
"852","demo1","ddslablsu","demo1_e1a_1548431503598.xlsx","2019-01-25 15:51:50","e1","a","87.5","e1a"
"853","demo1","ddslablsu","demo1_e1a_1548431852204.xlsx","2019-01-25 15:57:39","e1","a","87.5","e1a"
"854","demo1","ddslablsu","demo1_e1a_1548432513644.xlsx","2019-01-25 16:08:40","e1","a","100.0","e1a"
"855","demo1","ddslablsu","demo1_e1a_1548432971698.xlsx","2019-01-25 16:16:18","e1","a","100.0","e1a"
"856","demo1","ddslablsu","demo1_e1a_1548443844460.xlsx","2019-01-25 19:17:31","e1","a","100.0","e1a"
"857","demo1","ddslablsu","demo1_e1a_1548444328296.xlsx","2019-01-25 19:25:35","e1","a","100.0","e1a"
"858","demo1","ddslablsu","demo1_e1a_1548444576915.xlsx","2019-01-25 19:29:44","e1","a","100.0","e1a"
"859","demo1","ddslablsu","demo1_e1a_1548454004773.xlsx","2019-01-25 22:06:51","e1","a","100.0","e1a"
"860","demo1","ddslablsu","demo1_e1a_1548454495158.xlsx","2019-01-25 22:15:02","e1","a","100.0","e1a"
"861","demo1","ddslablsu","demo1_e1a_1548454834117.xlsx","2019-01-25 22:20:41","e1","a","84.25","e1a"
"862","demo1","ddslablsu","demo1_e1a_1548454972913.xlsx","2019-01-25 22:23:00","e1","a","84.25","e1a"
"863","demo1","ddslablsu","demo1_e1a_1548456177142.xlsx","2019-01-25 22:43:04","e1","a","84.25","e1a"
"864","demo1","ddslablsu","demo1_e1b_1548524807783.xlsx","2019-01-26 17:46:55","e1","b","100.0","e1b"
"865","demo1","ddslablsu","demo1_e1b_1548525028226.xlsx","2019-01-26 17:50:35","e1","b","100.0","e1b"
"866","demo1","ddslablsu","demo1_e1b_1548525541298.xlsx","2019-01-26 17:59:08","e1","b","100.0","e1b"
"867","demo1","ddslablsu","demo1_e1c_1548532348127.xlsx","2019-01-26 19:52:37","e1","c","90.8333333333","e1c"
"868","demo1","ddslablsu","demo1_e1d_1548545322621.xlsx","2019-01-26 23:28:50","e1","d","100.0","e1d"
"869","demo1","ddslablsu","demo1_e1d_1548545995917.xlsx","2019-01-26 23:40:03","e1","d","100.0","e1d"
"870","demo1","ddslablsu","demo1_e1c_1548619728083.xlsx","2019-01-27 20:08:55","e1","c","90.8333333333","e1c"
"871","demo1","ddslablsu","demo1_e2a_1549316373902.xlsx","2019-02-04 21:39:44","e2","a","100.0","e2a"
"872","demo1","ddslablsu","demo1_e2b_1549317378193.xlsx","2019-02-04 21:56:28","e2","b","80.0","e2b"
"873","demo1","ddslablsu","demo1_e2b_1549318075369.xlsx","2019-02-04 22:08:05","e2","b","100.0","e2b"
"874","demo1","ddslablsu","demo1_e2d_1549732961337.xlsx","2019-02-09 17:22:53","e2","d","100.0","e2d"
"875","demo1","ddslablsu","demo1_e2d_1549733571232.xlsx","2019-02-09 17:33:03","e2","d","100.0","e2d"
"876","demo1","ddslablsu","demo1_e2e_1549738468685.xlsx","2019-02-09 18:54:40","e2","e","95.0","e2e"
"877","demo1","ddslablsu","demo1_e2e_1549739159204.xlsx","2019-02-09 19:06:11","e2","e","100.0","e2e"
"878","demo1","ddslablsu","demo1_e2e_1549752100550.xlsx","2019-02-09 22:41:52","e2","e","90.3333333333","e2e"
"879","demo1","ddslablsu","demo1_e2e_1549752553131.xlsx","2019-02-09 22:49:25","e2","e","100.0","e2e"
"880","demo1","ddslablsu","demo1_e2c_1549820398619.xlsx","2019-02-10 17:40:11","e2","c","83.3333333333","e2c"
"881","demo1","ddslablsu","demo1_e2c_1549820780251.xlsx","2019-02-10 17:46:32","e2","c","100.0","e2c"
"882","demo1","ddslablsu","demo1_e3a_1550175923456.xlsx","2019-02-14 20:25:38","e3","a","100.0","e3a"
"883","demo1","ddslablsu","demo1_e3a_1550176237256.xlsx","2019-02-14 20:30:51","e3","a","93.75","e3a"
"884","demo1","ddslablsu","demo1_e3a_1550181499864.xlsx","2019-02-14 21:58:33","e3","a","93.75","e3a"
"885","demo1","ddslablsu","demo1_e3b_1550182588877.xlsx","2019-02-14 22:16:46","e3","b","100.0","e3b"
"886","demo1","ddslablsu","demo1_e3c_1550206446082.xlsx","2019-02-15 04:54:21","e3","c","100.0","e3c"
"887","demo1","ddslablsu","demo1_e3c_1550206578201.xlsx","2019-02-15 04:56:31","e3","c","100.0","e3c"
"888","demo1","ddslablsu","demo1_e3d_1550251805294.xlsx","2019-02-15 17:30:20","e3","d","89.5424836601","e3d"
"889","demo1","ddslablsu","demo1_e3d_1550251930463.xlsx","2019-02-15 17:32:24","e3","d","89.5424836601","e3d"
"890","demo1","ddslablsu","demo1_e3d_1550253141625.xlsx","2019-02-15 17:52:35","e3","d","98.6928104575","e3d"
"891","demo1","ddslablsu","demo1_e4a_1550969051670.xlsx","2019-02-24 00:44:31","e4","a","100.0","e4a"
"892","demo1","ddslablsu","demo1_e4b_1551127975419.xlsx","2019-02-25 20:53:14","e4","b","96.875","e4b"
"893","demo1","ddslablsu","demo1_e4c_1551195794126.xlsx","2019-02-26 15:43:31","e4","c","100.0","e4c"
"894","demo1","ddslablsu","demo1_e4c_1551196208351.xlsx","2019-02-26 15:50:26","e4","c","85.7142857143","e4c"
"895","demo1","ddslablsu","demo1_e4c_1551196663538.xlsx","2019-02-26 15:58:01","e4","c","100.0","e4c"
"896","demo1","ddslablsu","demo1_e4d_1551198001392.xlsx","2019-02-26 16:20:18","e4","d","100.0","e4d"
"897","demo1","ddslablsu","demo1_e4e_1551199823515.xlsx","2019-02-26 16:50:40","e4","e","77.7777777778","e4e"
"898","demo1","ddslablsu","demo1_e4e_1551200224569.xlsx","2019-02-26 16:57:21","e4","e","88.8888888889","e4e"
"899","demo1","ddslablsu","demo1_e5a_1552149976171.xlsx","2019-03-09 16:46:50","e5","a","100.0","e5a"
"900","demo1","ddslablsu","demo1_e5a_1552150320616.xlsx","2019-03-09 16:52:33","e5","a","100.0","e5a"
"901","demo1","ddslablsu","demo1_e5b_1552151809554.xlsx","2019-03-09 17:17:20","e5","b","100.0","e5b"
"902","demo1","ddslablsu","demo1_e5c_1552156252343.xlsx","2019-03-09 18:31:24","e5","c","83.3333333333","e5c"
"903","demo1","ddslablsu","demo1_e5c_1552157040095.xlsx","2019-03-09 18:44:31","e5","c","100.0","e5c"
"904","demo1","ddslablsu","demo1_e5d_1552162379412.xlsx","2019-03-09 20:13:33","e5","d","100.0","e5d"
"905","demo1","ddslablsu","demo1_e5e_1552163893995.xlsx","2019-03-09 20:38:44","e5","e","72.8333333333","e5e"
"906","demo1","ddslablsu","demo1_e5e_1552164214276.xlsx","2019-03-09 20:44:04","e5","e","95.8333333333","e5e"
"907","demo1","ddslablsu","demo1_e5e_1552164381529.xlsx","2019-03-09 20:46:52","e5","e","100.0","e5e"
"908","demo1","ddslablsu","demo1_e5e_1552164761924.xlsx","2019-03-09 20:53:12","e5","e","100.0","e5e"
"909","demo1","ddslablsu","demo1_e6a_1552679980188.xlsx","2019-03-15 20:00:31","e6","a","100.0","e6a"
"910","demo1","ddslablsu","demo1_e6a_1552680184405.xlsx","2019-03-15 20:03:52","e6","a","100.0","e6a"
"911","demo1","ddslablsu","demo1_e6b_1552753635496.xlsx","2019-03-16 16:28:22","e6","b","100.0","e6b"
"912","demo1","ddslablsu","demo1_e6b_1552753689016.xlsx","2019-03-16 16:29:16","e6","b","100.0","e6b"
"913","demo1","ddslablsu","demo1_e6c_1552755146245.xlsx","2019-03-16 16:54:11","e6","c","100.0","e6c"
"914","demo1","ddslablsu","demo1_e6c_1552755185119.xlsx","2019-03-16 16:54:50","e6","c","100.0","e6c"
"915","demo1","ddslablsu","demo1_e6c_1552755212328.xlsx","2019-03-16 16:55:21","e6","c","100.0","e6c"
"916","demo1","ddslablsu","demo1_e6d_1552757192441.xlsx","2019-03-16 17:26:57","e6","d","92.5","e6d"
"917","demo1","ddslablsu","demo1_e6e_1552761682867.xlsx","2019-03-16 18:41:47","e6","e","62.5","e6e"
"918","demo1","ddslablsu","demo1_e6e_1552761797526.xlsx","2019-03-16 18:43:40","e6","e","87.5","e6e"
"919","demo1","ddslablsu","demo1_e6e_1552762547424.xlsx","2019-03-16 18:56:10","e6","e","87.5","e6e"
"920","gmeaux3","isds1102s1",NA,NA,NA,NA,NA,"NANA"
"921","gschwi3","isds1102s4workspace","gschwi3_e1a_1553045025908.xlsx","2019-03-20 01:24:10","e1","a","100.0","e1a"
"922","mlan151","isds1102spr19",NA,NA,NA,NA,NA,"NANA"
"923","jpoch26","isds1102spr19",NA,NA,NA,NA,NA,"NANA"
"924","tglenn3","isds11022018falls8",NA,NA,NA,NA,NA,"NANA"
"925","nibrah2","isds1102s3-sp2019",NA,NA,NA,NA,NA,"NANA"
"926","rdarra2","isds1102spr19",NA,NA,NA,NA,NA,"NANA"
"927","emacle4","isds1102s4workspace",NA,NA,NA,NA,NA,"NANA"
"928","tsand39","isds1102s3-sp2019",NA,NA,NA,NA,NA,"NANA"
"929","ewilde7","isds1102s4workspace",NA,NA,NA,NA,NA,"NANA"
"930","jtate31","isds1102s3-sp2019","jtate31_e1a_1552944378115.xlsx","2019-03-18 21:26:41","e1","a","93.75","e1a"
"931","jtate31","isds1102s3-sp2019","jtate31_e1b_1552944889831.xlsx","2019-03-18 21:35:13","e1","b","75.0","e1b"
"932","jtate31","isds1102s3-sp2019","jtate31_e2a_1553116102035.xlsx","2019-03-20 21:08:46","e2","a","100.0","e2a"
"933","jtate31","isds1102s3-sp2019","jtate31_e2b_1553117140781.xlsx","2019-03-20 21:26:04","e2","b","100.0","e2b"
"934","jtate31","isds1102s3-sp2019","jtate31_e2d_1553213777582.xlsx","2019-03-22 00:16:42","e2","d","100.0","e2d"
"935","kknig32","isds1102s4workspace","kknig32_e1a_1552926666779.xlsx","2019-03-18 16:31:30","e1","a","100.0","e1a"
"936","kknig32","isds1102s4workspace","kknig32_e1a_1552926707217.xlsx","2019-03-18 16:32:10","e1","a","100.0","e1a"
"937","kknig32","isds1102s4workspace","kknig32_e1a_1552927249066.xlsx","2019-03-18 16:41:12","e1","a","100.0","e1a"
"938","kknig32","isds1102s4workspace","kknig32_e1c_1553099051163.xlsx","2019-03-20 16:24:35","e1","c","90.8333333333","e1c"
"939","mcarme2","isds1102s4workspace",NA,NA,NA,NA,NA,"NANA"
"940","aali21","isds1102s2",NA,NA,NA,NA,NA,"NANA"
"941","llicci3","isds1102s4workspace","llicci3_e1a_1552926447547.xlsx","2019-03-18 16:27:51","e1","a","100.0","e1a"
"942","bbrea42","isds1102s1",NA,NA,NA,NA,NA,"NANA"
"943","awatt19","isds1102spr19",NA,NA,NA,NA,NA,"NANA"
"944","fpoche2","isds1102s6",NA,NA,NA,NA,NA,"NANA"
"945","lpalmi3","isds1102spr19",NA,NA,NA,NA,NA,"NANA"
"946","mzito7","isds1102s3-sp2019",NA,NA,NA,NA,NA,"NANA"
"947","cdonad1","isds1102s4workspace",NA,NA,NA,NA,NA,"NANA"
"948","jmurr22","isds1102spr19",NA,NA,NA,NA,NA,"NANA"
"949","jtay167","isds1102s4workspace","jtay167_e1a_1553099731133.xlsx","2019-03-20 16:35:55","e1","a","100.0","e1a"
"950","jtay167","isds1102s4workspace","jtay167_e1b_1553100451260.xlsx","2019-03-20 16:47:55","e1","b","100.0","e1b"
"951","msavoy","lafccla",NA,NA,NA,NA,NA,"NANA"
"952","sstew61","isds1102spr19",NA,NA,NA,NA,NA,"NANA"
"953","cdav249","isds1102spr19",NA,NA,NA,NA,NA,"NANA"
"954","gmicio1","isds1102s4workspace",NA,NA,NA,NA,NA,"NANA"
"955","gwarri1","isds1102s2",NA,NA,NA,NA,NA,"NANA"
"956","dberth6","isds1102s4workspace","dberth6_e1a_1552927605439.xlsx","2019-03-18 16:47:08","e1","a","96.5","e1a"
"957","dberth6","isds1102s4workspace","dberth6_e2a_1553099677612.xlsx","2019-03-20 16:35:01","e2","a","91.6666666667","e2a"
"958","rmccor6","isds1102s4workspace","rmccor6_e1a_1552926495727.xlsx","2019-03-18 16:28:39","e1","a","96.5","e1a"
"959","rmccor6","isds1102s4workspace","rmccor6_e1b_1552926944539.xlsx","2019-03-18 16:36:07","e1","b","100.0","e1b"
"960","rmccor6","isds1102s4workspace","rmccor6_e1a_1553098218432.xlsx","2019-03-20 16:10:42","e1","a","96.5","e1a"
"961","rmccor6","isds1102s4workspace","rmccor6_e1b_1553098224732.xlsx","2019-03-20 16:10:48","e1","b","100.0","e1b"
"962","rmccor6","isds1102s4workspace","rmccor6_e1c_1553098239368.xlsx","2019-03-20 16:11:03","e1","c","87.5","e1c"
"963","rmccor6","isds1102s4workspace","rmccor6_e1d_1553098247423.xlsx","2019-03-20 16:11:11","e1","d","100.0","e1d"
"964","rmccor6","isds1102s4workspace","rmccor6_e2a_1553099223151.xlsx","2019-03-20 16:27:27","e2","a","100.0","e2a"
"965","rmccor6","isds1102s4workspace","rmccor6_e2b_1553099971361.xlsx","2019-03-20 16:39:55","e2","b","100.0","e2b"
"966","rbran15","isds1102s4workspace","rbran15_e1b_1552927746639.xlsx","2019-03-18 16:49:29","e1","b","93.75","e1b"
"967","jrosen5","isds-hq",NA,NA,NA,NA,NA,"NANA"
"968","jdixon","salesforceohana",NA,NA,NA,NA,NA,"NANA"
"969","zampolli75","reimageit",NA,NA,NA,NA,NA,"NANA"
"970","rfudge1","isds1102spr19",NA,NA,NA,NA,NA,"NANA"
"971","ccarlo5","isds1102s3-sp2019",NA,NA,NA,NA,NA,"NANA"
"972","jryder3","isds1102s4workspace","jryder3_e1a_1552927190820.xlsx","2019-03-18 16:40:14","e1","a","100.0","e1a"
"973","jbroo64","isds1102s3-sp2019",NA,NA,NA,NA,NA,"NANA"
"974","augustus.sole","teamkilleveryone",NA,NA,NA,NA,NA,"NANA"
"975","mbleds3","isds1102s4workspace","mbleds3_e1a_1553098747047.xlsx","2019-03-20 16:19:31","e1","a","100.0","e1a"
"976","mbleds3","isds1102s4workspace","mbleds3_e1b_1553099180306.xlsx","2019-03-20 16:26:44","e1","b","100.0","e1b"
"977","nnibla1","isds1102s3",NA,NA,NA,NA,NA,"NANA"
"978","pgreay1","isds1102s6",NA,NA,NA,NA,NA,"NANA"
"979","wscot18","ddslablsu",NA,NA,NA,NA,NA,"NANA"
"980","gage","hybridracing",NA,NA,NA,NA,NA,"NANA"
"981","jhill99","isds1102s3-sp2019",NA,NA,NA,NA,NA,"NANA"
"982","jdav317","isds1102s5",NA,NA,NA,NA,NA,"NANA"
"983","jbenit5","isds1102s4workspace","jbenit5_e1a_1553104766176.xlsx","2019-03-20 17:59:50","e1","a","100.0","e1a"
